day,type,accept_minute,drift,year
2023-09-26,BALANCED,,,2023
2023-09-27,DOWN,74.0,-155.35000000000218,2023
2023-09-29,UP,134.0,13.299999999999272,2023
2023-10-03,BALANCED,,,2023
2023-10-04,BALANCED,,,2023
2023-10-06,UP,104.0,8.049999999999272,2023
2023-10-09,UP,59.0,-55.95000000000073,2023
2023-10-10,UP,74.0,76.75,2023
2023-10-11,UP,104.0,-14.950000000000728,2023
2023-10-13,BALANCED,,,2023
2023-10-16,UP,74.0,-11.0,2023
2023-10-17,BALANCED,,,2023
2023-10-18,UP,74.0,-166.20000000000073,2023
2023-10-20,BALANCED,,,2023
2023-10-23,DOWN,74.0,184.75,2023
2023-10-25,BALANCED,,,2023
2023-10-27,UP,119.0,33.45000000000073,2023
2023-10-30,BALANCED,,,2023
2023-10-31,DOWN,74.0,23.049999999999272,2023
2023-11-01,BALANCED,,,2023
2023-11-03,UP,119.0,-38.20000000000073,2023
2023-11-06,BALANCED,,,2023
2023-11-07,BALANCED,,,2023
2023-11-08,BALANCED,,,2023
2023-11-10,UP,104.0,54.60000000000218,2023
2023-11-13,DOWN,89.0,-24.0,2023
2023-11-15,BALANCED,,,2023
2023-11-17,UP,89.0,-57.25,2023
2023-11-20,DOWN,134.0,-5.900000000001455,2023
2023-11-21,BALANCED,,,2023
2023-11-22,BALANCED,,,2023
2023-11-24,DOWN,59.0,11.75,2023
2023-11-28,BALANCED,,,2023
2023-11-29,UP,74.0,81.70000000000073,2023
2023-12-01,UP,59.0,8.19999999999709,2023
2023-12-04,BALANCED,,,2023
2023-12-05,UP,89.0,17.400000000001455,2023
2023-12-06,BALANCED,,,2023
2023-12-08,UP,59.0,-17.399999999997817,2023
2023-12-11,BALANCED,,,2023
2023-12-12,DOWN,74.0,83.0,2023
2023-12-13,DOWN,59.0,-72.25,2023
2023-12-15,UP,74.0,95.29999999999927,2023
2023-12-18,BALANCED,,,2023
2023-12-19,DOWN,74.0,-100.34999999999854,2023
2023-12-20,BALANCED,,,2023
2023-12-22,UP,59.0,-1.7000000000007276,2023
2023-12-26,UP,59.0,19.400000000001455,2023
2023-12-27,UP,59.0,106.25,2023
2023-12-29,BALANCED,,,2023
2024-01-01,UP,119.0,-4.599999999998545,2024
2024-01-02,DOWN,59.0,14.349999999998545,2024
2024-01-03,BALANCED,,,2024
2024-01-05,DOWN,104.0,-27.849999999998545,2024
2024-01-08,DOWN,119.0,100.0,2024
2024-01-09,UP,89.0,-153.20000000000073,2024
2024-01-10,BALANCED,,,2024
2024-01-12,UP,74.0,53.25,2024
2024-01-15,DOWN,59.0,-74.09999999999854,2024
2024-01-16,UP,74.0,-55.60000000000218,2024
2024-01-17,BALANCED,,,2024
2024-01-19,DOWN,134.0,-13.200000000000728,2024
2024-01-20,BALANCED,,,2024
2024-01-23,DOWN,59.0,416.4500000000007,2024
2024-01-24,UP,59.0,113.65000000000146,2024
2024-01-29,UP,59.0,173.25,2024
2024-01-30,BALANCED,,,2024
2024-01-31,UP,74.0,135.10000000000218,2024
2024-02-02,UP,134.0,-173.65000000000146,2024
2024-02-05,UP,59.0,-120.60000000000218,2024
2024-02-06,UP,59.0,78.35000000000218,2024
2024-02-07,DOWN,134.0,3.400000000001455,2024
2024-02-09,BALANCED,,,2024
2024-02-12,DOWN,59.0,67.25,2024
2024-02-13,UP,59.0,32.25,2024
2024-02-14,UP,59.0,217.04999999999927,2024
2024-02-16,UP,74.0,8.100000000002183,2024
2024-02-19,UP,119.0,-23.75,2024
2024-02-20,BALANCED,,,2024
2024-02-21,DOWN,89.0,95.40000000000146,2024
2024-02-23,BALANCED,,,2024
2024-02-26,DOWN,89.0,-1.9500000000007276,2024
2024-02-27,UP,119.0,58.10000000000218,2024
2024-02-28,DOWN,119.0,107.54999999999927,2024
2024-03-01,UP,59.0,153.54999999999927,2024
2024-03-04,BALANCED,,,2024
2024-03-05,DOWN,89.0,-48.900000000001455,2024
2024-03-06,DOWN,119.0,-199.65000000000146,2024
2024-03-11,DOWN,74.0,125.29999999999927,2024
2024-03-12,UP,74.0,-101.0,2024
2024-03-13,DOWN,119.0,210.90000000000146,2024
2024-03-15,DOWN,59.0,-10.150000000001455,2024
2024-03-18,BALANCED,,,2024
2024-03-19,DOWN,59.0,72.40000000000146,2024
2024-03-20,DOWN,59.0,-66.79999999999927,2024
2024-03-22,UP,59.0,75.34999999999854,2024
2024-03-26,BALANCED,,,2024
2024-03-27,UP,59.0,-43.20000000000073,2024
2024-04-01,BALANCED,,,2024
2024-04-02,BALANCED,,,2024
2024-04-03,UP,74.0,-20.950000000000728,2024
2024-04-05,UP,119.0,-0.5,2024
2024-04-08,BALANCED,,,2024
2024-04-09,BALANCED,,,2024
2024-04-10,BALANCED,,,2024
2024-04-12,BALANCED,,,2024
2024-04-15,UP,104.0,-157.5,2024
2024-04-16,BALANCED,,,2024
2024-04-19,BALANCED,,,2024
2024-04-22,BALANCED,,,2024
2024-04-23,DOWN,104.0,20.25,2024
2024-04-24,UP,59.0,-31.44999999999709,2024
2024-04-26,DOWN,74.0,125.20000000000073,2024
2024-04-29,UP,134.0,109.60000000000218,2024
2024-04-30,UP,59.0,-100.70000000000073,2024
2024-05-03,DOWN,74.0,175.59999999999854,2024
2024-05-06,BALANCED,,,2024
2024-05-07,DOWN,59.0,93.79999999999927,2024
2024-05-08,BALANCED,,,2024
2024-05-10,UP,59.0,-55.0,2024
2024-05-13,BALANCED,,,2024
2024-05-14,BALANCED,,,2024
2024-05-15,DOWN,74.0,-42.35000000000218,2024
2024-05-17,UP,104.0,4.450000000000728,2024
2024-05-21,BALANCED,,,2024
2024-05-22,BALANCED,,,2024
2024-05-24,BALANCED,,,2024
2024-05-27,DOWN,59.0,16.850000000002183,2024
2024-05-28,BALANCED,,,2024
2024-05-29,DOWN,74.0,27.450000000000728,2024
2024-05-31,DOWN,74.0,48.349999999998545,2024
2024-06-03,BALANCED,,,2024
2024-06-04,DOWN,119.0,149.0,2024
2024-06-05,UP,119.0,301.09999999999854,2024
2024-06-07,UP,59.0,315.15000000000146,2024
2024-06-10,BALANCED,,,2024
2024-06-11,UP,74.0,-27.349999999998545,2024
2024-06-12,UP,59.0,-80.25,2024
2024-06-14,BALANCED,,,2024
2024-06-18,BALANCED,,,2024
2024-06-19,DOWN,74.0,-60.45000000000073,2024
2024-06-21,DOWN,104.0,36.25,2024
2024-06-24,UP,74.0,92.15000000000146,2024
2024-06-25,BALANCED,,,2024
2024-06-26,UP,119.0,104.20000000000073,2024
2024-06-28,BALANCED,,,2024
2024-07-01,BALANCED,,,2024
2024-07-02,BALANCED,,,2024
2024-07-03,BALANCED,,,2024
2024-07-05,BALANCED,,,2024
2024-07-08,BALANCED,,,2024
2024-07-09,BALANCED,,,2024
2024-07-10,DOWN,59.0,5.349999999998545,2024
2024-07-12,UP,119.0,-39.150000000001455,2024
2024-07-15,BALANCED,,,2024
2024-07-16,UP,104.0,-39.099999999998545,2024
2024-07-19,DOWN,59.0,160.64999999999782,2024
2024-07-22,UP,59.0,-37.29999999999927,2024
2024-07-23,DOWN,74.0,-39.45000000000073,2024
2024-07-24,BALANCED,,,2024
2024-07-26,UP,59.0,243.09999999999854,2024
2024-07-29,BALANCED,,,2024
2024-07-30,UP,104.0,-86.95000000000073,2024
2024-07-31,UP,74.0,-1.0,2024
2024-08-02,BALANCED,,,2024
2024-08-05,DOWN,119.0,-26.900000000001455,2024
2024-08-06,BALANCED,,,2024
2024-08-07,DOWN,59.0,-98.04999999999927,2024
2024-08-09,BALANCED,,,2024
2024-08-12,DOWN,59.0,-89.09999999999854,2024
2024-08-13,DOWN,89.0,148.25,2024
2024-08-14,BALANCED,,,2024
2024-08-16,DOWN,59.0,-251.15000000000146,2024
2024-08-19,DOWN,89.0,0.25,2024
2024-08-20,UP,59.0,-24.549999999999272,2024
2024-08-21,UP,74.0,26.0,2024
2024-08-23,BALANCED,,,2024
2024-08-26,UP,74.0,7.349999999998545,2024
2024-08-27,UP,134.0,-43.10000000000218,2024
2024-08-28,BALANCED,,,2024
2024-08-30,BALANCED,,,2024
2024-09-02,BALANCED,,,2024
2024-09-03,BALANCED,,,2024
2024-09-04,BALANCED,,,2024
2024-09-06,DOWN,59.0,63.849999999998545,2024
2024-09-09,UP,104.0,58.0,2024
2024-09-10,DOWN,59.0,-129.79999999999927,2024
2024-09-11,UP,134.0,-156.89999999999782,2024
2024-09-13,BALANCED,,,2024
2024-09-16,BALANCED,,,2024
2024-09-17,BALANCED,,,2024
2024-09-18,UP,104.0,-63.75,2024
2024-09-20,UP,59.0,231.15000000000146,2024
2024-09-23,BALANCED,,,2024
2024-09-24,BALANCED,,,2024
2024-09-25,BALANCED,,,2024
2024-09-27,UP,59.0,-102.59999999999854,2024
2024-09-30,DOWN,59.0,176.84999999999854,2024
2024-10-01,DOWN,104.0,-9.299999999999272,2024
2024-10-04,UP,119.0,-309.7999999999993,2024
2024-10-07,DOWN,89.0,186.39999999999782,2024
2024-10-08,UP,89.0,72.84999999999854,2024
2024-10-09,UP,74.0,-146.14999999999782,2024
2024-10-11,BALANCED,,,2024
2024-10-14,UP,59.0,16.599999999998545,2024
2024-10-15,DOWN,59.0,-2.150000000001455,2024
2024-10-16,BALANCED,,,2024
2024-10-18,UP,104.0,128.15000000000146,2024
2024-10-21,BALANCED,,,2024
2024-10-22,DOWN,89.0,193.8000000000029,2024
2024-10-23,UP,119.0,-114.79999999999927,2024
2024-10-25,DOWN,59.0,91.0,2024
2024-10-28,UP,89.0,-84.25,2024
2024-10-29,DOWN,104.0,-266.2999999999993,2024
2024-10-30,UP,119.0,-100.0,2024
2024-11-04,DOWN,74.0,-67.40000000000146,2024
2024-11-05,BALANCED,,,2024
2024-11-06,UP,59.0,95.40000000000146,2024
2024-11-08,BALANCED,,,2024
2024-11-11,UP,89.0,-68.0,2024
2024-11-12,BALANCED,,,2024
2024-11-13,DOWN,74.0,188.70000000000073,2024
2024-11-18,BALANCED,,,2024
2024-11-19,UP,89.0,-187.25,2024
2024-11-22,UP,74.0,383.7999999999993,2024
2024-11-25,BALANCED,,,2024
2024-11-26,DOWN,59.0,48.0,2024
2024-11-27,BALANCED,,,2024
2024-11-29,UP,104.0,-3.75,2024
2024-12-02,BALANCED,,,2024
2024-12-03,UP,89.0,50.14999999999782,2024
2024-12-04,BALANCED,,,2024
2024-12-06,BALANCED,,,2024
2024-12-09,DOWN,74.0,-8.0,2024
2024-12-10,UP,59.0,-44.79999999999927,2024
2024-12-11,UP,89.0,-17.0,2024
2024-12-13,DOWN,74.0,-515.0999999999985,2024
2024-12-16,DOWN,89.0,8.849999999998545,2024
2024-12-17,DOWN,59.0,171.84999999999854,2024
2024-12-18,DOWN,59.0,43.0,2024
2024-12-20,DOWN,59.0,272.40000000000146,2024
2024-12-23,UP,119.0,-77.75,2024
2024-12-24,UP,74.0,-128.09999999999854,2024
2024-12-27,UP,59.0,-115.20000000000073,2024
2024-12-30,BALANCED,,,2024
2024-12-31,DOWN,74.0,-135.85000000000218,2024
2025-01-01,UP,119.0,-21.799999999999272,2025
2025-01-03,DOWN,59.0,26.049999999999272,2025
2025-01-06,DOWN,104.0,188.20000000000073,2025
2025-01-07,BALANCED,,,2025
2025-01-08,DOWN,89.0,-152.20000000000073,2025
2025-01-10,DOWN,59.0,-29.549999999999272,2025
2025-01-13,UP,74.0,-230.89999999999782,2025
2025-01-14,UP,134.0,-59.54999999999927,2025
2025-01-15,BALANCED,,,2025
2025-01-17,DOWN,119.0,-66.5,2025
2025-01-20,BALANCED,,,2025
2025-01-21,DOWN,59.0,245.90000000000146,2025
2025-01-22,DOWN,134.0,-83.20000000000073,2025
2025-01-24,DOWN,59.0,64.94999999999709,2025
2025-01-27,DOWN,89.0,22.849999999998545,2025
2025-01-28,BALANCED,,,2025
2025-01-29,UP,89.0,82.45000000000073,2025
2025-01-31,UP,89.0,93.44999999999709,2025
2025-02-01,BALANCED,,,2025
2025-02-03,BALANCED,,,2025
2025-02-04,DOWN,104.0,-274.0,2025
2025-02-05,BALANCED,,,2025
2025-02-07,BALANCED,,,2025
2025-02-10,DOWN,74.0,-3.600000000002183,2025
2025-02-11,DOWN,74.0,221.0,2025
2025-02-12,DOWN,59.0,-211.25,2025
2025-02-14,DOWN,104.0,-27.5,2025
2025-02-17,UP,104.0,86.45000000000073,2025
2025-02-18,DOWN,89.0,-114.34999999999854,2025
2025-02-19,UP,59.0,-41.04999999999927,2025
2025-02-21,DOWN,59.0,-46.599999999998545,2025
2025-02-24,DOWN,104.0,-12.650000000001455,2025
2025-02-25,BALANCED,,,2025
2025-02-28,DOWN,119.0,117.84999999999854,2025
2025-03-03,DOWN,59.0,-95.64999999999782,2025
2025-03-04,UP,119.0,7.399999999997817,2025
2025-03-05,UP,89.0,46.0,2025
2025-03-07,UP,74.0,-32.04999999999927,2025
2025-03-10,BALANCED,,,2025
2025-03-11,UP,59.0,65.60000000000218,2025
2025-03-12,DOWN,74.0,-71.59999999999854,2025
2025-03-17,BALANCED,,,2025
2025-03-18,UP,74.0,70.5,2025
2025-03-19,UP,89.0,8.049999999999272,2025
2025-03-21,UP,89.0,44.45000000000073,2025
2025-03-24,UP,59.0,105.5,2025
2025-03-25,BALANCED,,,2025
2025-03-26,BALANCED,,,2025
2025-03-28,BALANCED,,,2025
2025-04-01,DOWN,89.0,148.5,2025
2025-04-02,BALANCED,,,2025
2025-04-04,DOWN,59.0,28.900000000001455,2025
2025-04-07,BALANCED,,,2025
2025-04-08,DOWN,59.0,-157.25,2025
2025-04-09,BALANCED,,,2025
2025-04-11,BALANCED,,,2025
2025-04-15,BALANCED,,,2025
2025-04-16,BALANCED,,,2025
2025-04-21,UP,89.0,45.94999999999709,2025
2025-04-22,UP,104.0,-60.75,2025
2025-04-23,DOWN,74.0,-109.25,2025
2025-04-25,DOWN,59.0,-42.349999999998545,2025
2025-04-28,UP,59.0,41.0,2025
2025-04-29,BALANCED,,,2025
2025-04-30,BALANCED,,,2025
2025-05-02,UP,59.0,-231.65000000000146,2025
2025-05-05,UP,59.0,-26.5,2025
2025-05-06,DOWN,59.0,-6.149999999997817,2025
2025-05-07,BALANCED,,,2025
2025-05-09,BALANCED,,,2025
2025-05-12,UP,59.0,229.4499999999971,2025
2025-05-13,BALANCED,,,2025
2025-05-14,BALANCED,,,2025
2025-05-16,DOWN,134.0,-69.25,2025
2025-05-19,BALANCED,,,2025
2025-05-20,DOWN,59.0,206.95000000000073,2025
2025-05-21,UP,74.0,-68.60000000000218,2025
2025-05-23,UP,59.0,31.650000000001455,2025
2025-05-26,BALANCED,,,2025
2025-05-27,DOWN,89.0,-76.29999999999927,2025
2025-05-28,BALANCED,,,2025
2025-05-30,DOWN,89.0,-21.900000000001455,2025
2025-06-02,BALANCED,,,2025
2025-06-03,BALANCED,,,2025
2025-06-04,BALANCED,,,2025
2025-06-06,UP,89.0,90.70000000000073,2025
2025-06-09,BALANCED,,,2025
2025-06-10,BALANCED,,,2025
2025-06-11,UP,104.0,-30.100000000002183,2025
2025-06-13,UP,89.0,45.64999999999782,2025
2025-06-16,UP,89.0,76.59999999999854,2025
2025-06-17,BALANCED,,,2025
2025-06-18,BALANCED,,,2025
2025-06-20,UP,74.0,117.39999999999782,2025
2025-06-23,BALANCED,,,2025
2025-06-24,UP,134.0,-245.75,2025
2025-06-25,UP,89.0,39.04999999999927,2025
2025-06-27,BALANCED,,,2025
2025-06-30,DOWN,89.0,26.400000000001455,2025
2025-07-01,BALANCED,,,2025
2025-07-02,DOWN,74.0,57.20000000000073,2025
2025-07-04,BALANCED,,,2025
2025-07-07,BALANCED,,,2025
2025-07-08,BALANCED,,,2025
2025-07-09,UP,134.0,-63.89999999999782,2025
2025-07-11,DOWN,89.0,48.349999999998545,2025
2025-07-14,BALANCED,,,2025
2025-07-15,UP,104.0,-5.099999999998545,2025
2025-07-16,BALANCED,,,2025
2025-07-18,DOWN,59.0,46.5,2025
2025-07-21,UP,74.0,33.70000000000073,2025
2025-07-22,DOWN,104.0,22.44999999999709,2025
2025-07-23,BALANCED,,,2025
2025-07-25,DOWN,74.0,24.55000000000291,2025
2025-07-28,BALANCED,,,2025
2025-07-29,BALANCED,,,2025
2025-07-30,DOWN,89.0,-55.35000000000218,2025
2025-08-01,UP,89.0,-224.90000000000146,2025
2025-08-04,BALANCED,,,2025
2025-08-05,DOWN,59.0,-37.900000000001455,2025
2025-08-06,DOWN,74.0,25.450000000000728,2025
2025-08-08,DOWN,59.0,72.5,2025
2025-08-11,UP,89.0,143.5,2025
2025-08-12,UP,59.0,-175.79999999999927,2025
2025-08-13,BALANCED,,,2025
2025-08-18,BALANCED,,,2025
2025-08-19,BALANCED,,,2025
2025-08-20,UP,74.0,53.900000000001455,2025
2025-08-22,DOWN,89.0,43.45000000000073,2025
2025-08-25,DOWN,74.0,-46.75,2025
2025-08-26,BALANCED,,,2025
2025-08-29,BALANCED,,,2025
2025-09-01,UP,134.0,74.0,2025
2025-09-03,BALANCED,,,2025
2025-09-04,DOWN,74.0,108.5,2025
2025-09-05,DOWN,74.0,-28.400000000001455,2025
2025-09-08,BALANCED,,,2025
2025-09-10,BALANCED,,,2025
2025-09-11,BALANCED,,,2025
2025-09-12,UP,134.0,-17.549999999999272,2025
2025-09-15,DOWN,104.0,6.25,2025
2025-09-17,BALANCED,,,2025
2025-09-18,BALANCED,,,2025
2025-09-19,DOWN,104.0,6.149999999997817,2025
2025-09-22,BALANCED,,,2025
2025-09-24,BALANCED,,,2025
2025-09-25,BALANCED,,,2025
2025-09-26,BALANCED,,,2025
2025-09-29,UP,59.0,-116.60000000000218,2025
2025-10-01,UP,134.0,104.65000000000146,2025
2025-10-03,BALANCED,,,2025
2025-10-06,UP,59.0,112.84999999999854,2025
2025-10-08,DOWN,134.0,-7.399999999997817,2025
2025-10-09,UP,134.0,40.20000000000073,2025
2025-10-10,UP,119.0,-21.5,2025
2025-10-13,BALANCED,,,2025
2025-10-15,UP,89.0,24.700000000000728,2025
2025-10-16,UP,89.0,115.54999999999927,2025
2025-10-17,UP,74.0,22.80000000000291,2025
2025-10-20,BALANCED,,,2025
2025-10-23,BALANCED,,,2025
2025-10-24,DOWN,89.0,19.75,2025
2025-10-27,UP,74.0,-3.2000000000007276,2025
2025-10-29,UP,89.0,-4.200000000000728,2025
2025-10-30,BALANCED,,,2025
2025-10-31,DOWN,104.0,80.45000000000073,2025
2025-11-03,UP,104.0,13.700000000000728,2025
2025-11-06,DOWN,74.0,36.20000000000073,2025
2025-11-07,BALANCED,,,2025
2025-11-10,UP,89.0,-26.75,2025
2025-11-12,UP,104.0,26.55000000000291,2025
2025-11-13,UP,89.0,-60.54999999999927,2025
2025-11-14,BALANCED,,,2025
2025-11-17,BALANCED,,,2025
2025-11-19,UP,74.0,93.85000000000218,2025
2025-11-20,BALANCED,,,2025
2025-11-21,DOWN,74.0,-4.25,2025
2025-11-24,BALANCED,,,2025
2025-11-26,UP,59.0,124.54999999999927,2025
2025-11-27,BALANCED,,,2025
2025-11-28,UP,104.0,-52.70000000000073,2025
2025-12-01,DOWN,104.0,51.54999999999927,2025
2025-12-03,DOWN,134.0,-88.45000000000073,2025
2025-12-04,UP,74.0,-27.5,2025
2025-12-05,UP,104.0,72.54999999999927,2025
2025-12-08,DOWN,59.0,119.45000000000073,2025
2025-12-10,UP,74.0,-162.70000000000073,2025
2025-12-11,UP,74.0,91.39999999999782,2025
2025-12-12,DOWN,89.0,-94.60000000000218,2025
2025-12-15,BALANCED,,,2025
2025-12-17,DOWN,74.0,-3.399999999997817,2025
2025-12-18,UP,89.0,-28.30000000000291,2025
2025-12-19,BALANCED,,,2025
2025-12-22,BALANCED,,,2025
2025-12-24,BALANCED,,,2025
2025-12-26,DOWN,134.0,23.25,2025
2025-12-29,DOWN,59.0,84.75,2025
2025-12-31,UP,104.0,83.19999999999709,2025
2026-01-01,BALANCED,,,2026
2026-01-02,UP,59.0,75.25,2026
2026-01-05,BALANCED,,,2026
2026-01-07,BALANCED,,,2026
2026-01-08,DOWN,89.0,151.89999999999782,2026
2026-01-09,DOWN,134.0,116.79999999999927,2026
2026-01-12,BALANCED,,,2026
2026-01-14,BALANCED,,,2026
2026-01-16,UP,74.0,-165.90000000000146,2026
2026-01-19,DOWN,74.0,-88.95000000000073,2026
2026-01-21,DOWN,89.0,-130.70000000000073,2026
2026-01-22,DOWN,89.0,-1.9500000000007276,2026
2026-01-23,BALANCED,,,2026
2026-01-28,BALANCED,,,2026
2026-01-29,DOWN,89.0,-227.75,2026
2026-01-30,BALANCED,,,2026
2026-02-01,UP,74.0,-492.25,2026
2026-02-02,BALANCED,,,2026
2026-02-04,BALANCED,,,2026
2026-02-05,BALANCED,,,2026
2026-02-06,DOWN,74.0,-186.59999999999854,2026
2026-02-09,BALANCED,,,2026
2026-02-11,BALANCED,,,2026
2026-02-12,BALANCED,,,2026
2026-02-13,BALANCED,,,2026
2026-02-16,BALANCED,,,2026
2026-02-18,DOWN,59.0,-163.45000000000073,2026
2026-02-19,DOWN,59.0,260.1000000000022,2026
2026-02-20,UP,89.0,-29.450000000000728,2026
2026-02-23,BALANCED,,,2026
2026-02-25,UP,59.0,-151.59999999999854,2026
2026-02-26,BALANCED,,,2026
2026-02-27,DOWN,59.0,135.29999999999927,2026
2026-03-02,BALANCED,,,2026
2026-03-04,BALANCED,,,2026
2026-03-05,BALANCED,,,2026
2026-03-06,BALANCED,,,2026
2026-03-09,BALANCED,,,2026
2026-03-11,DOWN,59.0,237.04999999999927,2026
2026-03-12,UP,104.0,-64.20000000000073,2026
2026-03-13,DOWN,59.0,193.75,2026
2026-03-16,DOWN,89.0,-390.2000000000007,2026
2026-03-18,UP,119.0,6.950000000000728,2026
2026-03-19,BALANCED,,,2026
2026-03-20,BALANCED,,,2026
2026-03-23,DOWN,59.0,34.349999999998545,2026
2026-03-25,UP,59.0,-4.099999999998545,2026
2026-03-27,DOWN,59.0,153.15000000000146,2026
2026-03-30,BALANCED,,,2026
2026-04-01,DOWN,89.0,127.65000000000146,2026
2026-04-02,BALANCED,,,2026
2026-04-06,BALANCED,,,2026
2026-04-08,UP,104.0,21.399999999997817,2026
2026-04-09,BALANCED,,,2026
2026-04-10,UP,59.0,73.04999999999927,2026
2026-04-13,UP,89.0,114.5,2026
2026-04-15,BALANCED,,,2026
2026-04-16,BALANCED,,,2026
2026-04-17,UP,74.0,69.75,2026
2026-04-20,UP,104.0,-38.94999999999709,2026
2026-04-22,DOWN,59.0,-3.4499999999970896,2026
2026-04-23,UP,59.0,-98.59999999999854,2026
2026-04-24,DOWN,89.0,49.60000000000218,2026
2026-04-27,BALANCED,,,2026
2026-04-29,UP,59.0,-50.89999999999782,2026
2026-04-30,DOWN,74.0,-143.85000000000218,2026
2026-05-04,BALANCED,,,2026
2026-05-06,DOWN,119.0,-238.75,2026
2026-05-07,BALANCED,,,2026
2026-05-08,BALANCED,,,2026
2026-05-11,BALANCED,,,2026
2026-05-13,BALANCED,,,2026
2026-05-14,DOWN,119.0,-223.89999999999782,2026
2026-05-15,UP,89.0,-166.20000000000073,2026
2026-05-18,BALANCED,,,2026
2026-05-20,UP,119.0,106.70000000000073,2026
2026-05-21,DOWN,119.0,35.89999999999782,2026
2026-05-22,UP,59.0,-83.79999999999927,2026
2026-05-25,BALANCED,,,2026
2026-05-27,UP,119.0,-62.55000000000291,2026
2026-05-29,BALANCED,,,2026
2026-06-01,DOWN,59.0,144.5500000000029,2026
2026-06-03,DOWN,104.0,-163.5,2026
2026-06-04,UP,59.0,-20.149999999997817,2026
2026-06-05,DOWN,104.0,43.95000000000073,2026
2026-06-08,UP,104.0,-86.40000000000146,2026
2026-06-10,UP,119.0,-151.5500000000029,2026
2026-06-11,UP,89.0,-52.900000000001455,2026
2026-06-12,DOWN,59.0,-269.75,2026
2026-06-15,BALANCED,,,2026
2026-06-17,UP,89.0,1.9500000000007276,2026
2026-06-18,BALANCED,,,2026
2026-06-19,BALANCED,,,2026
2026-06-22,UP,74.0,-49.25,2026
2026-06-24,UP,74.0,73.75,2026
2026-06-25,UP,59.0,-115.09999999999854,2026
2026-06-29,UP,89.0,-178.84999999999854,2026
2026-07-01,UP,59.0,20.75,2026
2026-07-02,BALANCED,,,2026
2026-07-03,BALANCED,,,2026
2026-07-06,UP,89.0,37.25,2026
2026-07-08,BALANCED,,,2026
2026-07-09,BALANCED,,,2026
2026-07-10,UP,59.0,3.0,2026
2026-07-13,UP,59.0,101.19999999999709,2026
2026-07-15,BALANCED,,,2026
2026-07-16,BALANCED,,,2026
2026-07-17,UP,74.0,50.20000000000073,2026
2026-07-20,BALANCED,,,2026
2026-07-22,DOWN,89.0,-8.700000000000728,2026
2026-07-23,UP,74.0,-105.05000000000291,2026
2026-07-24,DOWN,59.0,-144.95000000000073,2026
2026-07-27,BALANCED,,,2026
2026-07-29,UP,74.0,31.75,2026
2026-07-30,BALANCED,,,2026
2026-07-31,BALANCED,,,2026
2026-08-03,UP,74.0,-15.049999999999272,2026
2026-08-05,DOWN,89.0,60.35000000000218,2026
2026-08-06,UP,134.0,-47.29999999999927,2026
2026-08-07,BALANCED,,,2026
2026-08-10,BALANCED,,,2026
2026-08-12,DOWN,59.0,9.049999999999272,2026
2026-08-13,BALANCED,,,2026
2026-08-14,BALANCED,,,2026
2026-08-17,DOWN,89.0,-113.25,2026
2026-08-19,DOWN,104.0,18.149999999997817,2026
2026-08-20,BALANCED,,,2026
2026-08-21,BALANCED,,,2026
2026-08-24,DOWN,119.0,36.849999999998545,2026
2026-08-26,BALANCED,,,2026
2026-08-27,DOWN,74.0,38.400000000001455,2026
2026-08-28,UP,74.0,-41.79999999999927,2026
2026-08-31,DOWN,104.0,-49.35000000000218,2026
2026-09-02,BALANCED,,,2026
2026-09-03,BALANCED,,,2026
2026-09-04,UP,89.0,-17.650000000001455,2026
2026-09-07,DOWN,59.0,62.400000000001455,2026
2026-09-09,BALANCED,,,2026
2026-09-10,BALANCED,,,2026
2026-09-11,UP,104.0,140.5,2026
2026-09-16,BALANCED,,,2026
2026-09-17,BALANCED,,,2026
2026-09-18,BALANCED,,,2026
2026-09-21,BALANCED,,,2026
2026-09-23,UP,119.0,-18.100000000002183,2026
2026-09-24,BALANCED,,,2026
2026-09-25,BALANCED,,,2026
