entry_minute,entry,stop0,risk_pts,exit_minute,exit,reason,pts,hold_min,day,direction,net,year,r
190,65816.43,65867.13208333333,50.702083333337214,355,65458.74,FLATTEN,357.68999999999505,165,2023-09-28,-1,4646.2304651063505,2023,7.054739696757386
95,65710.42,65624.80383333332,85.61616666667396,164,65669.87,INVALIDATED,-40.55000000000291,69,2023-10-09,1,-845.3732199177105,2023,-0.47362550297158973
150,66089.43,66158.0651,68.63510000001406,280,66036.0251,STOP,53.404899999994086,130,2023-10-18,-1,360.4886914039164,2023,0.778098961026984
130,65222.69,65271.810875,49.120875000000524,355,64598.17,FLATTEN,624.5200000000041,225,2023-10-23,-1,8341.069186219274,2023,12.713942901057797
105,63256.67,63377.89385714286,121.22385714286065,236,63318.07385714286,STOP,-61.40385714286094,131,2023-10-26,-1,-1273.1388334505505,2023,-0.5065327782013844
190,64022.27,63931.61708333334,90.65291666665871,355,64133.76,FLATTEN,111.49000000000524,165,2023-10-30,1,1126.7308839925884,2023,1.2298556306794508
125,63947.05,63995.56075,48.510749999994005,128,63995.56075,STOP,-48.510749999994005,3,2023-10-31,-1,-806.6088399912005,2023,-1.0
115,64879.24,64917.43385714286,38.193857142861816,124,64917.43385714286,STOP,-38.193857142861816,9,2023-11-13,-1,-673.1248021505255,2023,-1.0
160,66112.94,66051.0693,61.87069999999949,351,66089.9393,STOP,-23.000700000004144,191,2023-11-16,1,-876.1762676015959,2023,-0.37175431989624064
185,65620.51,65675.22258333334,54.71258333334117,231,65675.22258333334,STOP,-54.71258333334117,46,2023-11-20,-1,-995.6027081746643,2023,-1.0
120,66033.82,66090.47437499999,56.6543749999837,193,66086.324375,STOP,-52.50437499998952,73,2023-11-23,-1,-1027.1173698595435,2023,-0.9267488168390283
100,66574.67,66522.4815,52.18850000000384,355,66885.57,FLATTEN,310.90000000000873,255,2023-11-29,1,3761.1626324347167,2023,5.95725111854117
100,66797.94,66875.1075,77.16749999999593,241,66784.3075,STOP,13.632500000006985,141,2023-11-30,-1,-239.45248319860283,2023,0.1766611591668475
90,69901.27,69955.02866666667,53.758666666661156,115,69955.02866666667,STOP,-53.758666666661156,25,2023-12-12,-1,-941.4174099547917,2023,-1.0
115,69287.02,69379.22528571429,92.2052857142844,265,69379.22528571429,STOP,-92.2052857142844,150,2023-12-13,-1,-1793.7472945429436,2023,-1.0
95,70431.7,70350.35166666667,81.3483333333279,341,70478.58166666667,STOP,46.881666666668025,246,2023-12-14,1,-41.456721160575626,2023,0.5763076481796942
165,70539.73,70398.84263636364,140.8873636363569,264,70706.18263636364,STOP,166.4526363636396,99,2023-12-21,1,2034.117430370142,2023,1.181458947541023
120,71399.52,71319.429125,80.09087500000896,211,71331.569125,STOP,-67.95087500000955,91,2023-12-26,1,-1311.9129291148197,2023,-0.8484221829266061
95,71787.38,71703.56933333333,83.81066666667175,182,71768.00933333334,STOP,-19.370666666669422,87,2023-12-27,1,-606.6581072595625,2023,-0.231124121034732
115,71723.35,71812.17985714287,88.82985714286042,181,71777.22985714287,STOP,-53.87985714286333,66,2024-01-02,-1,-1048.8855681521538,2024,-0.6065512078468298
105,71785.93,71733.20314285715,52.72685714284307,286,71817.91314285714,STOP,31.983142857148778,181,2024-01-04,1,-105.30142653514655,2024,0.6065816282298563
155,71765.49,71829.881,64.39099999998871,355,71387.12,FLATTEN,378.3700000000099,200,2024-01-08,-1,4815.774331446563,2024,5.8761317575449405
115,71991.5,71873.43328571429,118.0667142857128,277,71912.22328571428,STOP,-79.27671428571921,162,2024-01-09,1,-1654.9713903224588,2024,-0.6714569365746502
90,71792.26,71855.362,63.10199999999895,221,71825.95199999999,STOP,-33.69199999999546,131,2024-01-11,-1,-922.2257815146971,2024,-0.5339291940032965
160,71283.22,71117.81229999999,165.40770000001066,209,71157.35,INVALIDATED,-125.86999999999534,49,2024-01-18,1,-2037.8379294374872,2024,-0.7609682016011784
125,71325.47,71440.515625,115.04562499999884,355,70393.21,FLATTEN,932.2599999999948,230,2024-01-23,-1,12689.462020988769,2024,8.103393762257403
100,70816.35,70651.5135,164.8365000000049,131,70651.5135,STOP,-164.8365000000049,31,2024-01-24,1,-2551.1085666207687,2024,-1.0
155,70542.78,70763.66140000001,220.88140000001295,346,70516.48139999999,STOP,26.298600000009174,191,2024-01-25,-1,-202.4815154222733,2024,0.11906208490170576
135,71581.44,71398.35766666666,183.0823333333392,355,71960.98,FLATTEN,379.5399999999936,220,2024-01-29,1,4784.092450068412,2024,2.0730563844680887
160,71717.75,71788.2984,70.54839999999967,164,71788.2984,STOP,-70.54839999999967,4,2024-01-30,-1,-1132.9371680081026,2024,-1.0
230,71676.58,71542.61642857143,133.96357142856868,355,71752.94,FLATTEN,76.36000000000058,125,2024-01-31,1,671.950562359054,2024,0.5700057051757301
100,72041.61,71931.64833333333,109.96166666666977,112,71931.64833333333,STOP,-109.96166666666977,12,2024-02-01,1,-1718.6949768083769,2024,-1.0
180,72004.04,72081.78866666667,77.74866666668095,198,72081.78866666667,STOP,-77.74866666668095,18,2024-02-07,-1,-1271.654235305346,2024,-1.0
140,71481.81,71625.55588888889,143.74588888889411,158,71625.55588888889,STOP,-143.74588888889411,18,2024-02-08,-1,-2217.5056164073526,2024,-1.0
100,71528.1,71386.51616666667,141.58383333333768,170,71386.51616666667,STOP,-141.58383333333768,70,2024-02-13,1,-2316.236083287483,2024,-1.0
100,71121.27,70987.80133333332,133.4686666666821,141,70987.80133333332,STOP,-133.4686666666821,41,2024-02-14,1,-2126.574015992006,2024,-1.0
165,72873.99,72775.54845454547,98.44154545453785,280,72836.87845454545,STOP,-37.11154545455065,115,2024-02-20,1,-936.5276460368559,2024,-0.37699068298038313
105,72148.06,72312.32085714287,164.26085714287183,148,72312.32085714287,STOP,-164.26085714287183,43,2024-02-22,-1,-2575.659572342267,2024,-1.0
120,72816.13,72882.03837499999,65.90837499998452,223,72813.03837499999,STOP,3.0916250000154832,103,2024-02-26,-1,-329.11915190054543,2024,0.046907923310447415
115,73461.12,73549.13971428572,88.01971428572142,147,73549.13971428572,STOP,-88.01971428572142,32,2024-03-05,-1,-1457.04498053267,2024,-1.0
110,73862.16,73925.279,63.1189999999915,355,73507.9,FLATTEN,354.2600000000093,245,2024-03-11,-1,4337.585113960073,2024,5.612573076253695
245,73037.13,73145.28899999999,108.1589999999851,355,72848.64,FLATTEN,188.49000000000524,110,2024-03-13,-1,2311.363488269998,2024,1.7427121182706127
140,73121.41,72904.37711111111,217.03288888889074,263,73105.5571111111,STOP,-15.852888888897724,123,2024-03-14,1,-653.2060962552617,2024,-0.07304371687654011
95,72163.51,72283.36966666667,119.85966666667082,267,72183.05966666667,STOP,-19.549666666673147,172,2024-03-19,-1,-824.5480729454222,2024,-0.16310463069316453
125,71900.39,71977.25937500001,76.86937500000931,145,71977.25937500001,STOP,-76.86937500000931,20,2024-03-20,-1,-1263.8980261335016,2024,-1.0
110,72851.25,72749.931,101.31900000000314,145,72749.931,STOP,-101.31900000000314,35,2024-03-21,1,-1654.2022733560168,2024,-1.0
85,72966.08,72902.7232,63.35680000000866,95,72902.7232,STOP,-63.35680000000866,10,2024-03-27,1,-1046.3308346392137,2024,-1.0
85,73743.65,73507.138,236.5119999999879,160,73710.808,STOP,-32.84199999998964,75,2024-03-28,1,-776.7096860570623,2024,-0.138859761872511
105,73907.91,73801.708,106.20200000000477,284,74024.348,STOP,116.43799999999464,179,2024-04-03,1,1095.9680378589853,2024,1.096382365680396
75,73859.36,73978.41679999999,119.0567999999912,204,73902.9968,STOP,-43.636799999992945,129,2024-04-04,-1,-1071.0007940212513,2024,-0.3665208539117142
135,74071.1,74021.81310416666,49.28689583334199,155,74021.81310416666,STOP,-49.28689583334199,20,2024-04-24,1,-871.7084332647376,2024,-1.0
150,74303.26,74244.68093125,58.57906874999753,355,74699.69,FLATTEN,396.43000000000757,205,2024-04-29,1,5041.916237657374,2024,6.76743431500905
165,74979.28,74874.3612528409,104.91874715909944,233,74902.9712528409,STOP,-76.30874715909886,68,2024-04-30,1,-1386.215440656226,2024,-0.727312794189048
120,73457.85,73569.60259375,111.75259374998859,190,73471.58259374999,STOP,-13.732593749984517,70,2024-05-07,-1,-488.8038287119424,2024,-0.12288389279542712
90,72934.91,73017.332546875,82.42254687499371,144,73017.332546875,STOP,-82.42254687499371,54,2024-05-09,-1,-1431.6459663003197,2024,-1.0
120,73062.34,73143.25791796876,80.9179179687635,298,73038.60791796875,STOP,23.732082031245227,178,2024-05-15,-1,-225.20068071281156,2024,0.2932858707561711
180,74746.6,74697.83276822917,48.76723177083477,355,75442.73,FLATTEN,696.1299999999901,175,2024-05-23,1,9415.334450050374,2024,14.274544088768854
115,74626.47,74733.88287946429,107.41287946428929,212,74691.92287946428,STOP,-65.45287946428289,97,2024-05-29,-1,-1304.8015835424053,2024,-0.609357832977967
105,74120.36,74246.13688839287,125.77688839286566,219,74177.14688839286,STOP,-56.78688839286042,114,2024-05-30,-1,-1222.266606996869,2024,-0.45148905429657216
170,73444.92,73084.73113920455,360.1888607954461,355,74488.58,FLATTEN,1043.6600000000035,185,2024-06-05,1,14383.691952406612,2024,2.8975354698509284
75,76926.03,76843.62593750001,82.40406249999069,133,76843.62593750001,STOP,-82.40406249999069,58,2024-06-12,1,-1453.173217553934,2024,-1.0
115,77211.91,77347.90595982144,135.99595982143364,147,77347.90595982144,STOP,-135.99595982143364,32,2024-06-19,-1,-2152.7231750576834,2024,-1.0
160,77344.64,77184.843853125,159.79614687499998,297,77259.80385312499,STOP,-84.83614687500813,137,2024-06-24,1,-1702.2988713539557,2024,-0.5309023310891904
155,78458.27,78346.0292625,112.24073750000389,355,78718.06,FLATTEN,259.7899999999936,200,2024-06-26,1,3062.278238171193,2024,2.3145785192295674
150,80284.04,80189.650178125,94.38982187499641,209,80210.79,STRUCTURE,-73.25,59,2024-07-09,1,-1334.447051100934,2024,-0.7760370614641843
180,79747.15,79837.47059375001,90.320593750017,219,79837.47059375001,STOP,-90.320593750017,39,2024-07-10,-1,-1522.1156093990164,2024,-1.0
95,79624.66,79714.659734375,89.99973437500012,146,79714.659734375,STOP,-89.99973437500012,51,2024-07-11,-1,-1550.5493559142953,2024,-1.0
90,80843.69,80744.92558854166,98.76441145833815,94,80744.92558854166,STOP,-98.76441145833815,4,2024-07-18,1,-1547.0514368584293,2024,-1.0
95,80784.38,80637.871609375,146.50839062500745,106,80637.871609375,STOP,-146.50839062500745,11,2024-07-22,1,-2251.530054316536,2024,-1.0
215,79991.28,79885.26799553572,106.01200446428265,355,80068.93,FLATTEN,77.64999999999418,140,2024-07-25,1,604.9900746682443,2024,0.7324642184853306
140,81699.02,81605.26677083333,93.7532291666721,242,81605.26677083333,STOP,-93.7532291666721,102,2024-07-30,1,-1755.184752179371,2024,-1.0
205,79921.14,79781.50543749999,139.63456250001036,321,79823.53543749999,STOP,-97.60456250001153,116,2024-08-12,1,-1841.5312142730427,2024,-0.6990000237226673
110,80372.86,80513.25982589286,140.39982589286228,127,80513.25982589286,STOP,-140.39982589286228,17,2024-08-19,-1,-2180.199021039286,2024,-1.0
80,80923.66,80817.86142500001,105.79857499999343,90,80817.86142500001,STOP,-105.79857499999343,10,2024-08-20,1,-1664.957126934647,2024,-1.0
110,81984.39,81925.55549107143,58.83450892857218,157,81925.55549107143,STOP,-58.83450892857218,47,2024-08-29,1,-1098.3872995595477,2024,-1.0
130,82270.6,82328.30791015625,57.70791015624127,355,82183.27,FLATTEN,87.33000000000175,225,2024-09-05,-1,486.88600657627524,2024,1.513310736146226
155,81351.22,81235.7274375,115.49256250000326,174,81235.7274375,STOP,-115.49256250000326,19,2024-09-09,1,-1830.0596027388956,2024,-1.0
165,82057.97,81892.10295170454,165.86704829546215,213,82027.60295170454,STOP,-30.367048295462155,48,2024-09-11,1,-693.1056750484838,2024,-0.18308065771670784
135,81610.67,81838.07393402778,227.40393402778136,285,81765.09393402778,STOP,-154.42393402778544,150,2024-09-12,-1,-2761.6035984908035,2024,-0.679073274118995
170,83261.69,83202.03896022728,59.6510397727252,223,83204.52896022728,STOP,-57.16103977271996,53,2024-09-18,1,-1095.0295889210138,2024,-0.9582572238557396
110,85411.98,85352.76725446428,59.21274553571129,136,85352.76725446428,STOP,-59.21274553571129,26,2024-09-26,1,-1049.9463523921966,2024,-1.0
100,84806.85,84943.47492708333,136.62492708332138,355,84267.71,FLATTEN,539.1399999999994,255,2024-09-30,-1,6856.658503703736,2024,3.9461320237060566
145,81557.29,81792.13990277778,234.84990277778707,331,81254.52990277778,STOP,302.7600972222135,186,2024-10-07,-1,3694.0691421577617,2024,1.2891642433792383
110,81428.67,81288.9646875,139.70531249999476,215,81305.6046875,STOP,-123.06531249999534,105,2024-10-08,1,-2182.9428712994472,2024,-0.8808921457442784
95,81851.08,81760.83800520834,90.24199479166418,343,81935.01800520833,STOP,83.93800520832883,248,2024-10-14,1,376.2638886680061,2024,0.9301435036106088
130,81768.26,81924.48981640625,156.2298164062522,314,81838.27,STRUCTURE,-70.01000000000931,184,2024-10-15,-1,-1648.6842830886987,2024,-0.448121886144696
125,80970.82,81084.75646875,113.93646874999104,355,80254.64,FLATTEN,716.1800000000076,230,2024-10-22,-1,9504.153800430555,2024,6.285783716638698
200,80493.68,80312.06788942308,181.61211057691253,294,80347.66788942307,STOP,-146.01211057692126,94,2024-10-23,1,-2476.961198635933,2024,-0.8039778300747477
120,80219.71,80048.84151171875,170.8684882812522,287,80222.52151171875,STOP,2.811511718740803,167,2024-10-28,1,-545.2994405785116,2024,0.016454243535607403
180,78582.01,78686.785703125,104.77570312500757,295,78570.605703125,STOP,11.404296875,115,2024-11-04,-1,-268.5951001984138,2024,0.10884486130714455
115,79575.23,79718.65904910714,143.42904910714424,355,79560.91,FLATTEN,14.319999999992433,240,2024-11-07,-1,-578.4192350440902,2024,0.09984030493916975
150,80093.96,79956.69493125001,137.26506874999905,164,79956.69493125001,STOP,-137.26506874999905,14,2024-11-11,1,-2126.4446028298944,2024,-1.0
110,78238.1,78461.01113392856,222.91113392855914,355,77627.5,FLATTEN,610.6000000000058,245,2024-11-13,-1,7973.1763627745595,2024,2.7392081734046414
185,78376.19,78292.19478385417,83.995216145835,208,78292.19478385417,STOP,-83.995216145835,23,2024-11-19,1,-1384.5834430808006,2024,-1.0
115,80038.23,80147.68905357143,109.45905357143783,284,79987.42905357142,STOP,50.80094642857148,169,2024-11-26,-1,138.68348756392925,2024,0.46410913278559024
165,80837.74,80707.09306818183,130.6469318181771,177,80707.09306818183,STOP,-130.6469318181771,12,2024-12-03,1,-2026.9043894484216,2024,-1.0
85,80805.44,80917.02296875,111.5829687499936,97,80917.02296875,STOP,-111.5829687499936,12,2024-12-05,-1,-1753.4145430143483,2024,-1.0
130,81638.94,81580.60258203125,58.33741796875256,200,81580.60258203125,STOP,-58.33741796875256,70,2024-12-11,1,-1155.8461310989665,2024,-1.0
150,81694.06,81795.3874625,101.32746250000491,289,81795.3874625,STOP,-101.32746250000491,139,2024-12-16,-1,-1969.1852797410454,2024,-1.0
120,81100.39,81199.12998828125,98.73998828124604,285,80849.45998828125,STOP,250.9300117187522,165,2024-12-17,-1,3013.379428594626,2024,2.5413210603592105
155,78859.06,78776.578775,82.4812249999959,161,78776.578775,STOP,-82.4812249999959,6,2024-12-23,1,-1316.9463876515522,2024,-1.0
150,78792.01,78722.66057187499,69.3494281250023,167,78722.66057187499,STOP,-69.3494281250023,17,2024-12-24,1,-1158.7305717002105,2024,-1.0
145,78500.89,78590.2205173611,89.33051736110065,164,78559.3,INVALIDATED,-58.41000000000349,19,2024-12-26,-1,-1006.8608046837437,2024,-0.6538638947303173
170,78392.37,78295.34701136363,97.02298863636679,355,78471.01,FLATTEN,78.63999999999942,185,2025-01-01,1,505.4318161454123,2025,0.8105295570180268
95,79069.56,78883.65749479167,185.9025052083307,355,79937.26,FLATTEN,867.6999999999971,260,2025-01-02,1,11611.748419709165,2025,4.667500306290189
75,79429.94,79539.15736874999,109.21736874998896,125,79539.15736874999,STOP,-109.21736874998896,50,2025-01-03,-1,-1822.9125170901461,2025,-1.0
145,78490.24,78622.21545833333,131.97545833332697,225,78487.74545833333,STOP,2.494541666674195,80,2025-01-06,-1,-300.16973063102176,2025,0.018901557139311433
130,77652.22,77789.7959296875,137.57592968750396,136,77789.7959296875,STOP,-137.57592968750396,6,2025-01-08,-1,-2105.8815620357645,2025,-1.0
140,77704.65,77783.13180555556,78.4818055555661,182,77783.13180555556,STOP,-78.4818055555661,42,2025-01-09,-1,-1355.836331473668,2025,-1.0
75,77306.99,77452.08202500001,145.09202500000538,89,77417.19,INVALIDATED,-110.19999999999709,14,2025-01-10,-1,-1734.3916151610736,2025,-0.7595179679930237
75,76993.84,77051.830725,57.99072500001057,209,77024.86,STRUCTURE,-31.020000000004075,134,2025-01-16,-1,-920.3363168163518,2025,-0.5349131261938598
155,76402.15,76539.47156250001,137.32156250001572,166,76539.47156250001,STOP,-137.32156250001572,11,2025-01-17,-1,-2114.177342133053,2025,-1.0
115,76622.61,76515.87691964286,106.73308035713853,289,76588.56691964285,STOP,-34.04308035715076,174,2025-01-23,1,-1068.4860655784946,2025,-0.3189552877443388
90,76873.23,76804.25245833334,68.97754166665254,97,76804.25245833334,STOP,-68.97754166665254,7,2025-01-30,1,-1123.7514661114924,2025,-1.0
125,77248.08,77179.15581640626,68.92418359374278,134,77179.15581640626,STOP,-68.92418359374278,9,2025-01-31,1,-1128.7973405201008,2025,-1.0
75,78094.33,78156.9892,62.6591999999946,89,78122.19,INVALIDATED,-27.860000000000582,14,2025-02-06,-1,-554.4169341524893,2025,-0.4446274449722145
95,77269.1,77386.75965104168,117.65965104167117,276,77264.55965104168,STOP,4.540348958325922,181,2025-02-10,-1,-538.4111318471931,2025,0.038588835833941744
90,75594.54,75783.06191145832,188.52191145833058,94,75783.06191145832,STOP,-188.52191145833058,4,2025-02-12,-1,-2829.10279131891,2025,-1.0
80,76585.56,76438.73953125,146.8204687499965,239,76569.20953125,STOP,-16.350468749995343,159,2025-02-13,1,-774.4008012215004,2025,-0.11136368715615977
170,75665.44,75894.8901846591,229.45018465910107,301,75691.2001846591,STOP,-25.76018465909874,131,2025-02-14,-1,-829.589557891308,2025,-0.1122691825128456
120,76103.62,75930.64575000001,172.97424999998475,233,75966.25575,STOP,-137.36424999999872,113,2025-02-19,1,-2385.0370543901026,2025,-0.794131207390758
75,75273.0,75381.8896125,108.88961250000284,143,75381.8896125,STOP,-108.88961250000284,68,2025-02-21,-1,-1854.502963555442,2025,-1.0
105,72896.55,73077.89795089286,181.34795089285763,179,72933.46795089287,STOP,-36.91795089286461,74,2025-03-03,-1,-829.663806501439,2025,-0.20357523044016165
125,73590.02,73520.950453125,69.06954687500547,257,73730.420453125,STOP,140.4004531249957,132,2025-03-05,1,1562.5269110579552,2025,2.0327403244598825
95,74522.91,74409.14439583333,113.7656041666778,99,74409.14439583333,STOP,-113.7656041666778,4,2025-03-07,1,-1755.7184902222675,2025,-1.0
95,73880.79,74031.38560416667,150.59560416667955,301,73971.70560416667,STOP,-90.91560416667198,206,2025-03-12,-1,-1947.5989383640822,2025,-0.6037068921749296
125,76865.42,76766.80882031251,98.61117968749022,265,76783.9088203125,STOP,-81.51117968749895,140,2025-03-21,1,-1659.9306141345767,2025,-0.8265916698879066
155,77793.54,77664.46430937499,129.0756906250026,345,77953.044309375,STOP,159.50430937499914,190,2025-03-24,1,1656.1589195414026,2025,1.235742443853346
110,77683.88,77538.9465267857,144.93347321430338,171,77593.00652678571,STOP,-90.87347321429115,61,2025-03-27,1,-1584.9874620507667,2025,-0.6270012799591345
105,76419.3,76353.06478571429,66.23521428571257,109,76353.06478571429,STOP,-66.23521428571257,4,2025-04-03,1,-1075.9090537973555,2025,-1.0
95,75471.99,75597.37214583333,125.38214583332592,103,75597.37214583333,STOP,-125.38214583332592,8,2025-04-04,-1,-1933.8441390643018,2025,-1.0
160,79402.83,79309.66004999999,93.16995000001043,350,79383.57005,STOP,-19.25995000000694,190,2025-04-21,1,-920.072178127415,2025,-0.20671847521657769
130,79689.35,79823.2690859375,133.91908593749395,149,79823.2690859375,STOP,-133.91908593749395,19,2025-04-23,-1,-2091.7844744512336,2025,-1.0
100,78911.89,79104.26220833334,192.3722083333414,223,79104.26220833334,STOP,-192.3722083333414,123,2025-04-25,-1,-3215.1273282936118,2025,-1.0
115,81706.51,81553.40449553571,153.10550446428533,355,82360.36,FLATTEN,653.8500000000058,240,2025-05-12,1,8575.07235842214,2025,4.270584537687398
150,82233.83,82301.571475,67.74147500000254,209,82282.8,INVALIDATED,-48.970000000001164,59,2025-05-16,-1,-991.9276500134571,2025,-0.7228953901579399
120,81870.87,81755.24648828125,115.62351171874616,137,81755.24648828125,STOP,-115.62351171874616,17,2025-05-21,1,-1827.0359261542133,2025,-1.0
105,81334.38,81416.22890624999,81.84890624998661,224,81329.64890624999,STOP,4.731093750015134,119,2025-05-29,-1,-389.13966480705875,2025,0.05780277302136713
150,82216.66,82057.353003125,159.306996875006,257,82066.89300312499,STOP,-149.7669968750124,107,2025-06-06,1,-2575.26190137518,2025,-0.9401156246296025
190,82735.74,82685.8623984375,49.877601562504424,196,82685.8623984375,STOP,-49.877601562504424,6,2025-06-11,1,-853.5503191744953,2025,-1.0
135,80951.96,80859.63458680557,92.32541319444135,323,81067.33458680556,STOP,115.37458680555574,188,2025-06-13,1,1005.0887026070717,2025,1.2496514536314267
145,81676.8,81580.10521527778,96.69478472221817,323,81731.27521527778,STOP,54.47521527778008,178,2025-06-16,1,154.64630468663125,2025,0.5633728378864984
100,82114.59,82013.76034375001,100.82965624998906,104,82013.76034375001,STOP,-100.82965624998906,4,2025-06-20,1,-1577.982694563541,2025,-1.0
115,82631.14,82556.84229017857,74.29770982143236,184,82556.84229017857,STOP,-74.29770982143236,69,2025-06-25,1,-1385.1990469234368,2025,-1.0
120,83732.28,83814.35662890626,82.07662890625943,141,83814.35662890626,STOP,-82.07662890625943,21,2025-06-30,-1,-1360.2859012517938,2025,-1.0
140,83496.62,83580.82634375,84.20634375000373,344,83321.45634375,STOP,175.16365624999162,204,2025-07-02,-1,1797.1668474965852,2025,2.0801717358733303
90,83353.78,83424.96954166667,71.18954166666663,194,83311.51,STRUCTURE,42.270000000004075,104,2025-07-10,-1,182.72172844152425,2025,0.5937669917573908
130,82527.13,82690.7676328125,163.63763281248976,355,82549.4,FLATTEN,-22.269999999989523,225,2025-07-11,-1,-1087.4230440365143,2025,-0.13609338889366865
110,82455.33,82506.33876785715,51.00876785714354,117,82506.33876785715,STOP,-51.00876785714354,7,2025-07-17,-1,-872.3419173259834,2025,-1.0
140,81728.54,81810.35030902778,81.8103090277873,314,81807.05,STRUCTURE,-78.51000000000931,174,2025-07-18,-1,-1741.8223848495113,2025,-0.959659007929465
80,82099.99,82006.12116875,93.86883125000168,147,82024.12116875,STOP,-75.86883125000168,67,2025-07-21,1,-1400.2598938844917,2025,-0.8082430583154866
140,81648.16,81779.27237847222,131.1123784722149,355,81504.41,FLATTEN,143.75,215,2025-07-25,-1,1330.0585286894916,2025,1.096387707057448
180,81335.15,81134.00629166666,201.1437083333294,307,81615.15629166667,STOP,280.0062916666793,127,2025-07-31,1,3536.634028668343,2025,1.3920708432135553
110,81241.75,81138.8810625,102.86893749999581,113,81138.8810625,STOP,-102.86893749999581,3,2025-08-01,1,-1603.5028353939567,2025,-1.0
180,80592.31,80654.89789583333,62.58789583333419,185,80654.89789583333,STOP,-62.58789583333419,5,2025-08-06,-1,-1030.6976552292451,2025,-1.0
140,80067.02,80125.65846527778,58.63846527777787,144,80125.65846527778,STOP,-58.63846527777787,4,2025-08-07,-1,-970.6979087346919,2025,-1.0
80,80121.19,80248.368875,127.17887499999779,214,80141.748875,STOP,-20.558875000002445,134,2025-08-08,-1,-787.6776774634635,2025,-0.16165322267556465
125,80178.19,80048.83120703125,129.35879296874919,140,80048.83120703125,STOP,-129.35879296874919,15,2025-08-11,1,-2015.9507455366966,2025,-1.0
115,81749.74,81665.05514732143,84.68485267857614,355,81891.36,FLATTEN,141.61999999999534,240,2025-08-20,1,1227.4033737789039,2025,1.6723179591221378
125,81427.02,81483.50720703125,56.48720703124127,126,81483.50720703125,STOP,-56.48720703124127,1,2025-08-22,-1,-932.7242485285967,2025,-1.0
90,80702.17,80619.34086979167,82.82913020832348,182,80627.64086979166,STOP,-74.52913020833512,92,2025-09-02,1,-1446.8731149642254,2025,-0.8997937080938428
95,80541.07,80688.19850520833,147.1285052083258,239,80475.31850520834,STOP,65.7514947916643,144,2025-09-05,-1,419.9173185849949,2025,0.44689840828984045
140,80995.29,81053.28983333334,57.99983333334967,149,81022.41,INVALIDATED,-27.120000000009895,9,2025-09-09,-1,-533.6809197604254,2025,-0.4675875505389772
170,81955.68,81912.33084090908,43.34915909091069,211,81912.33084090908,STOP,-43.34915909091069,41,2025-09-12,1,-859.054246259906,2025,-1.0
120,82111.0,82061.44265234374,49.55734765625675,294,82129.19265234374,STOP,18.192652343743248,174,2025-09-16,1,-357.4097975344767,2025,0.3671030271824157
150,82558.1,82668.55935625,110.45935624999402,239,82641.06,INVALIDATED,-82.95999999999185,89,2025-09-19,-1,-1566.7722583751918,2025,-0.7510454778700228
140,81811.58,81859.97099652777,48.39099652777077,152,81859.97099652777,STOP,-48.39099652777077,12,2025-09-23,-1,-848.3245720855475,2025,-1.0
240,80797.38,80709.48501339286,87.8949866071489,355,80960.19,FLATTEN,162.80999999999767,115,2025-10-01,1,1892.2683703044484,2025,1.8523240776824421
80,81499.66,81420.3462,79.31380000000354,355,81816.41,FLATTEN,316.75,275,2025-10-06,1,3642.2822505855993,2025,3.993630364450901
115,82095.51,82031.92857142857,63.58142857142957,125,82031.92857142857,STOP,-63.58142857142957,10,2025-10-07,1,-1060.8586338760913,2025,-1.0
170,81727.64,81860.72872727273,133.08872727272683,219,81860.72872727273,STOP,-133.08872727272683,49,2025-10-08,-1,-2168.516274373877,2025,-1.0
170,82523.43,82441.53854545455,81.89145454544632,332,82482.87854545456,STOP,-40.55145454543526,162,2025-10-10,1,-1168.3616429480435,2025,-0.4951854228322554
100,82241.91,82368.06816666666,126.15816666666069,257,81940.07816666666,STOP,301.83183333334455,157,2025-10-14,-1,3758.8549368524605,2025,2.3924874727361463
130,82526.03,82418.85925,107.17075000000477,185,82439.27924999999,STOP,-86.75075000000652,55,2025-10-15,1,-1523.1956070124206,2025,-0.8094629364822272
170,84089.39,83917.98627272727,171.40372727272916,213,84004.81627272727,STOP,-84.57372727272741,43,2025-10-17,1,-1461.1783393056048,2025,-0.4934182506904174
135,84275.37,84375.1748888889,99.8048888889025,147,84375.1748888889,STOP,-99.8048888889025,12,2025-10-24,-1,-1589.0124781841753,2025,-1.0
105,84797.63,84722.55428571429,75.07571428571828,151,84722.55428571429,STOP,-75.07571428571828,46,2025-10-27,1,-1335.5026067862782,2025,-1.0
165,84315.85,84502.50281818182,186.65281818181393,204,84502.50281818182,STOP,-186.65281818181393,39,2025-10-28,-1,-2914.152194362522,2025,-1.0
135,84092.18,84162.12411111112,69.94411111112277,141,84162.12411111112,STOP,-69.94411111112277,6,2025-10-31,-1,-1142.8687732654967,2025,-1.0
130,84015.97,83940.15424999999,75.81575000000885,144,83940.15424999999,STOP,-75.81575000000885,14,2025-11-03,1,-1250.4384793851432,2025,-1.0
195,83718.58,83781.30392307692,62.723923076919164,213,83781.30392307692,STOP,-62.723923076919164,18,2025-11-04,-1,-1073.9183730867987,2025,-1.0
190,83678.27,83593.43266666666,84.83733333334385,270,83593.43266666666,STOP,-84.83733333334385,80,2025-11-10,1,-1571.9169302128316,2025,-1.0
195,84538.02,84483.37184615385,54.64815384615213,293,84543.49184615385,STOP,5.471846153843217,98,2025-11-12,1,-332.7635190363443,2025,0.10012865520119485
75,84631.15,84718.7212,87.57120000000577,102,84718.7212,STOP,-87.57120000000577,27,2025-11-18,-1,-1458.2592389543674,2025,-1.0
130,84811.97,84727.94924999999,84.0207500000106,252,85005.70925,STOP,193.73924999999872,122,2025-11-19,1,2295.542738246921,2025,2.3058500429950257
115,85286.77,85342.73771428571,55.96771428571083,117,85342.73771428571,STOP,-55.96771428571083,2,2025-11-21,-1,-931.8149790728892,2025,-1.0
85,85238.48,85106.6538,131.82619999999588,355,85623.54,FLATTEN,385.0599999999977,270,2025-11-26,1,4597.786110749421,2025,2.9209671522050225
150,85758.78,85946.0815,187.3015000000014,243,85688.99149999999,STOP,69.78850000000966,93,2025-12-01,-1,599.4667712711955,2025,0.3725997923135113
175,85604.94,85524.87909090909,80.0609090909129,279,85663.97909090908,STOP,59.03909090907837,104,2025-12-05,1,413.0872161962059,2025,0.7374271861194671
130,84566.13,84660.132625,94.00262499999371,251,84548.172625,STOP,17.957374999998137,121,2025-12-17,-1,-221.6055380734811,2025,0.19103056962504333
200,85047.48,85125.72215384615,78.24215384614945,355,85053.73,FLATTEN,-6.25,155,2025-12-26,-1,-672.0982229757635,2025,-0.07988021408880966
110,84827.77,84913.881,86.11099999998987,355,84710.74,FLATTEN,117.02999999999884,245,2025-12-29,-1,831.4121501549046,2025,1.3590598181418472
145,84981.12,84899.20966666666,81.91033333333326,347,85274.97966666667,STOP,293.8596666666708,202,2025-12-31,1,3493.7524234397597,2025,3.5875774729277676
145,83778.95,84004.37422222224,225.4242222222383,353,83603.49422222223,STOP,175.45577777776634,208,2026-01-09,-1,1787.4146009548706,2026,0.7783359571927025
175,83935.23,83789.52663636363,145.70336363636306,193,83789.52663636363,STOP,-145.70336363636306,18,2026-01-16,1,-2264.478544567588,2026,-1.0
135,81480.55,81648.98077777778,168.43077777777216,156,81648.98077777778,STOP,-168.43077777777216,21,2026-01-21,-1,-2595.2710773227714,2026,-1.0
110,84409.81,84367.96842857142,41.84157142858021,128,84367.96842857142,STOP,-41.84157142858021,18,2026-02-10,1,-775.4371750334687,2026,-1.0
105,83333.4,83237.69271428572,95.70728571427753,229,83471.81271428571,STOP,138.4127142857178,124,2026-02-17,1,1503.749858370969,2026,1.4462087525805731
125,83291.89,83411.37225,119.48225000000093,139,83411.37225,STOP,-119.48225000000093,14,2026-02-18,-1,-1875.7795912963684,2026,-1.0
135,82878.22,82768.24066666666,109.9793333333364,223,82837.87066666667,STOP,-40.34933333333174,88,2026-02-20,1,-953.9667344066117,2026,-0.36688105037913743
90,81752.76,81866.99466666667,114.23466666667082,266,81692.55466666666,STOP,60.20533333333151,176,2026-02-27,-1,241.99869618210195,2026,0.5270320743264973
115,77561.47,77689.42142857143,127.95142857142491,355,76903.61,FLATTEN,657.8600000000006,240,2026-03-11,-1,8670.960828956038,2026,5.141482258893035
115,75148.23,75302.06928571429,153.83928571428987,137,75302.06928571429,STOP,-153.83928571428987,22,2026-03-13,-1,-2378.3248350833655,2026,-1.0
215,76769.89,76646.86371428572,123.02628571428068,319,76800.77371428571,STOP,30.883714285708265,104,2026-03-18,1,49.130085924816626,2026,0.2510334609095927
100,72704.64,72890.259,185.61900000000605,269,72839.059,STOP,-134.4189999999944,169,2026-03-23,-1,-2468.3204921291976,2026,-0.7241661683340069
110,75562.03,75422.05971428572,139.97028571428382,306,75481.70971428572,STOP,-80.32028571427509,196,2026-03-25,1,-1782.8499087655694,2026,-0.5738381207439265
155,73383.9,73620.3007,236.40070000001288,168,73620.3007,STOP,-236.40070000001288,13,2026-04-01,-1,-3536.6116578798988,2026,-1.0
150,77510.41,77380.0278,130.3822000000073,156,77380.0278,STOP,-130.3822000000073,6,2026-04-08,1,-2002.5410863736581,2026,-1.0
105,77371.9,77267.51299999999,104.38700000000244,134,77267.51299999999,STOP,-104.38700000000244,29,2026-04-10,1,-1691.562583567977,2026,-1.0
115,76510.9,76436.337,74.56299999999464,355,76851.42,FLATTEN,340.5200000000041,240,2026-04-13,1,4128.858981082279,2026,4.566876332765964
95,78236.57,78156.73916666667,79.8308333333407,109,78156.73916666667,STOP,-79.8308333333407,14,2026-04-17,1,-1300.0664895418313,2026,-1.0
80,79098.96,78962.71680000001,136.24319999999716,355,79256.07,FLATTEN,157.11000000000058,275,2026-04-21,1,1377.6078554835474,2026,1.153158469560344
150,76771.67,76870.30679999999,98.63679999999295,355,76610.51,FLATTEN,161.1600000000035,205,2026-04-24,-1,1647.4381954038242,2026,1.6338729561382266
100,77818.53,77698.12433333333,120.40566666667291,284,77743.91433333333,STOP,-74.61566666666477,184,2026-04-29,1,-1685.8954388117872,2026,-0.6197022842224554
130,76665.35,76779.764,114.41399999998976,187,76779.764,STOP,-114.41399999998976,57,2026-05-05,-1,-1908.8820198510512,2026,-1.0
145,77068.5,77238.19333333333,169.69333333332906,300,77238.19333333333,STOP,-169.69333333332906,155,2026-05-06,-1,-2966.2628111014933,2026,-1.0
135,75177.18,75271.32022222222,94.14022222222411,355,74480.76,FLATTEN,696.4199999999983,220,2026-05-12,-1,9298.542961362433,2026,7.397688082316755
190,75119.0,75015.63116666667,103.36883333332662,254,75015.63116666667,STOP,-103.36883333332662,64,2026-05-20,1,-1764.3369676661703,2026,-1.0
120,74094.19,73983.12687499999,111.06312500001513,164,74025.37,INVALIDATED,-68.82000000000698,44,2026-06-02,1,-1213.9176295438524,2026,-0.6196476103116818
145,73700.17,73819.61222222222,119.44222222222015,194,73773.34,INVALIDATED,-73.16999999999825,49,2026-06-03,-1,-1288.2047801934123,2026,-0.6125974436733667
210,73757.98,73833.30257142858,75.32257142857998,239,73785.63,INVALIDATED,-27.65000000000873,29,2026-06-09,-1,-584.001469933739,2026,-0.3670878393500699
120,77111.6,77049.51912499999,62.0808750000142,164,77068.06,INVALIDATED,-43.54000000000815,44,2026-06-17,1,-858.622530506211,2026,-0.7013432075498
135,77293.16,77211.77466666668,81.38533333332452,157,77211.77466666668,STOP,-81.38533333332452,22,2026-06-22,1,-1342.621343132681,2026,-1.0
110,76772.35,76621.5602857143,150.78971428571094,198,76804.58028571428,STOP,32.23028571427858,88,2026-06-24,1,111.25818227275026,2026,0.21374326403463959
100,76839.36,76732.323,107.03699999999662,323,76928.503,STOP,89.14299999999639,223,2026-07-01,1,565.6850994959071,2026,0.8328241636069695
130,78272.96,78180.09975000001,92.8602499999979,277,78279.58975,STOP,6.629749999992782,147,2026-07-06,1,-422.88859434350474,2026,0.07139491870841326
155,77378.29,77301.4546,76.8353999999963,355,77607.5546,STOP,229.26460000000952,200,2026-07-13,1,2632.9225548598024,2026,2.9838407817232757
105,77908.75,77846.54171428572,62.208285714281374,113,77846.54171428572,STOP,-62.208285714281374,8,2026-07-17,1,-1030.5455677070909,2026,-1.0
130,77466.76,77546.025375,79.26537500000268,203,77502.055375,STOP,-35.29537500000151,73,2026-07-21,-1,-819.5462872962938,2026,-0.4452811205397101
100,75574.76,75649.0895,74.3295000000071,125,75649.0895,STOP,-74.3295000000071,25,2026-07-24,-1,-1246.4720148230754,2026,-1.0
130,78682.02,78732.4385,50.41849999999977,355,78253.73,FLATTEN,428.29000000000815,225,2026-08-04,-1,5408.853399579067,2026,8.494699366304236
160,78086.51,78145.5633,59.05329999999958,211,78145.5633,STOP,-59.05329999999958,51,2026-08-11,-1,-1102.5598216606409,2026,-1.0
90,77846.19,77954.60366666666,108.41366666665999,314,77629.24,STRUCTURE,216.9499999999971,224,2026-08-12,-1,2387.471829307091,2026,2.001131468664871
130,77456.79,77545.8245,89.03450000000885,154,77545.8245,STOP,-89.03450000000885,24,2026-08-17,-1,-1458.0104928377827,2026,-1.0
110,76891.77,76973.7112857143,81.94128571428882,155,76973.7112857143,STOP,-81.94128571428882,45,2026-08-19,-1,-1411.5865826429708,2026,-1.0
195,77316.88,77374.95046153846,58.07046153846022,347,77308.21046153846,STOP,8.669538461545017,152,2026-08-24,-1,-401.35756719219046,2026,0.1492934313222766
115,76778.6,76849.66985714286,71.0698571428511,140,76849.66985714286,STOP,-71.0698571428511,25,2026-08-31,-1,-1201.8370733428271,2026,-1.0
175,77225.62,77101.13836363638,124.48163636362005,219,77115.63836363638,STOP,-109.98163636362005,44,2026-09-01,1,-1811.9171822900764,2026,-0.8835169554034105
160,76824.03,76784.5335,39.49649999999383,165,76784.5335,STOP,-39.49649999999383,5,2026-09-04,1,-695.4720794927198,2026,-1.0
95,76183.32,76238.2605,54.94049999999697,355,75996.96,FLATTEN,186.36000000000058,260,2026-09-07,-1,1867.5481740110665,2026,3.3920331995524404
165,74558.45,74490.18281818183,68.26718181816977,177,74490.18281818183,STOP,-68.26718181816977,12,2026-09-11,1,-1123.9344922015828,2026,-1.0
160,74613.45,74743.38089999999,129.9308999999921,355,74158.28,FLATTEN,455.16999999999825,195,2026-09-15,-1,5907.984328469386,2026,3.503169761773573
140,74733.22,74810.35100000001,77.1310000000085,299,74647.671,STOP,85.54899999999907,159,2026-09-22,-1,699.1297840570184,2026,1.10913899729019
170,74909.54,74831.14336363637,78.3966363636282,238,74890.02336363636,STOP,-19.5166363636381,68,2026-09-23,1,-571.3795718474034,2026,-0.24894736903141884
