sym,variant,acc%,drift,drift_t,p_cont,n,win,pts,R,opt_net,fut_net,yr_fut
NIFTY,base,59,1.2,0.18,0.51,237,0.3,5.3,0.18,-33937,-44896,23:+5k 24:+53k 25:-60k 26:-43k
NIFTY,beyond_pdr,32,6.4,0.72,0.55,139,0.31,6.6,0.29,-12056,-14673,23:+15k 24:+42k 25:-33k 26:-39k
NIFTY,confirm3,48,1.6,0.23,0.53,212,0.33,7.8,0.28,-7456,-5289,23:+9k 24:+71k 25:-46k 26:-40k
NIFTY,or60,39,-3.7,-0.49,0.51,146,0.31,7.7,0.2,-2946,-5515,23:-2k 24:+52k 25:-32k 26:-22k
NIFTY,or60_pdr,22,-1.9,-0.19,0.55,91,0.32,7.7,0.28,-2624,-3327,23:+1k 24:+32k 25:-21k 26:-15k
NIFTY,deadline_10:30,31,11.2,1.18,0.53,129,0.33,11.8,0.44,17565,30486,23:+11k 24:+54k 25:-28k 26:-6k
NIFTY,deadline_12:30,69,2.2,0.37,0.51,282,0.29,5.5,0.19,-33088,-49154,23:+31k 24:+48k 25:-87k 26:-41k
NIFTY,trail_none,59,1.2,0.18,0.51,237,0.27,3.3,0.12,-64429,-75755,23:+3k 24:+48k 25:-76k 26:-51k
NIFTY,buffer_0.25,59,1.2,0.18,0.51,236,0.31,2.3,0.1,-76205,-91342,23:+5k 24:+33k 25:-77k 26:-52k
NIFTY,max_trades_2,59,1.2,0.18,0.51,240,0.3,5.2,0.18,-35041,-46587,23:+5k 24:+51k 25:-62k 26:-41k
NIFTY,pdr_or60_trail_none,22,-1.9,-0.19,0.55,91,0.33,7.2,0.26,-7779,-6349,23:+4k 24:+36k 25:-31k 26:-15k
SENSEX,base,60,6.6,0.32,0.53,244,0.34,20.1,0.24,-24320,-21752,23:+14k 24:+12k 25:-48k 26:+0k
SENSEX,beyond_pdr,30,-4.2,-0.15,0.51,141,0.36,32.0,0.36,7214,20970,23:+8k 24:+20k 25:-9k 26:+1k
SENSEX,confirm3,50,7.9,0.35,0.54,220,0.37,26.9,0.34,-956,10259,23:+7k 24:+32k 25:-37k 26:+7k
SENSEX,or60,40,8.0,0.35,0.52,150,0.4,42.3,0.49,31775,53381,23:+2k 24:+59k 25:-14k 26:+5k
SENSEX,or60_pdr,22,-8.2,-0.26,0.49,89,0.42,36.0,0.45,9382,20158,23:-7k 24:+29k 25:-2k 26:+1k
SENSEX,deadline_10:30,32,21.9,0.79,0.53,131,0.34,21.8,0.22,-11165,-6862,23:+9k 24:-11k 25:-16k 26:+11k
SENSEX,deadline_12:30,71,4.7,0.25,0.52,289,0.34,23.1,0.28,-13343,-8082,23:+36k 24:+18k 25:-71k 26:+8k
SENSEX,trail_none,60,6.6,0.32,0.53,244,0.3,14.6,0.21,-55425,-48752,23:+18k 24:-2k 25:-63k 26:-1k
SENSEX,buffer_0.25,60,6.6,0.32,0.53,244,0.33,16.9,0.16,-45425,-37264,23:+11k 24:+5k 25:-52k 26:-1k
SENSEX,max_trades_2,60,6.6,0.32,0.53,247,0.34,19.8,0.24,-25570,-23566,23:+14k 24:+12k 25:-49k 26:+0k
SENSEX,pdr_or60_trail_none,22,-8.2,-0.26,0.49,89,0.35,30.0,0.37,-810,9467,23:-5k 24:+26k 25:-6k 26:-4k
