experiment,trades,net,dev_2023Q4_2024:net,dev_2023Q4_2024:n,dev_2023Q4_2024:pf,dev_2023Q4_2024:avgR,val_2025:net,val_2025:n,val_2025:pf,val_2025:avgR,oos_2026:net,oos_2026:n,oos_2026:pf,oos_2026:avgR
baseline,189,-32983,-1516,71,0.95,0.171,-19029,71,0.53,-0.099,-12438,47,0.5,-0.136
no_retest,187,-35395,4864,70,1.14,0.367,-23641,73,0.53,-0.019,-16617,44,0.44,-0.197
no_shift_required,921,-115077,-32570,361,0.78,0.173,-42218,315,0.71,0.162,-40289,245,0.67,0.116
sweep_pen_0.05,198,-36192,-4343,76,0.87,0.132,-20879,74,0.51,-0.122,-10971,48,0.56,-0.099
sweep_pen_0.20,167,-29172,-2375,65,0.92,0.183,-15534,62,0.56,-0.081,-11262,40,0.42,-0.185
sweep_wick,50,-16426,24,18,1.0,0.221,-10899,14,0.14,-0.679,-5551,18,0.52,-0.09
bos_band_0.05,210,-33593,-4286,82,0.89,0.174,-20976,76,0.52,-0.045,-8331,52,0.66,-0.065
bos_band_0.30,161,-22641,-4947,62,0.83,0.117,-11624,59,0.62,-0.04,-6070,40,0.67,-0.087
threshold_6,189,-32983,-1516,71,0.95,0.171,-19029,71,0.53,-0.099,-12438,47,0.5,-0.136
threshold_10,111,-11078,826,39,1.04,0.32,-3818,43,0.81,0.155,-8086,29,0.51,-0.147
stop_buffer_0.10,241,-51948,-11774,93,0.74,0.106,-27036,85,0.44,-0.135,-13138,63,0.59,-0.074
stop_buffer_0.50,133,-35252,-7198,47,0.7,0.043,-18327,50,0.45,-0.219,-9727,36,0.5,-0.119
min_rr_1.5,267,-49157,-10380,107,0.8,0.122,-28966,96,0.47,-0.177,-9812,64,0.67,0.007
min_rr_3.0,108,-21364,-4550,34,0.7,0.105,-10738,43,0.58,-0.075,-6076,31,0.64,-0.049
no_partials,189,-32755,238,71,1.01,0.171,-19481,71,0.53,-0.099,-13512,47,0.47,-0.136
trail_structure,188,-30300,-3174,71,0.89,0.163,-13914,71,0.66,0.18,-13211,46,0.47,-0.142
trail_atr,189,-32981,-1516,71,0.95,0.171,-19027,71,0.53,-0.099,-12438,47,0.5,-0.136
trail_none_full_tp2,187,-29051,-5500,69,0.84,0.136,-14648,71,0.67,0.006,-8903,47,0.68,-0.049
no_time_exit,189,-33124,-1657,71,0.95,0.172,-19029,71,0.53,-0.099,-12438,47,0.5,-0.136
no_invalidation_exit,188,-35205,-2079,71,0.94,0.176,-21031,70,0.51,-0.117,-12096,47,0.53,-0.131
futures_costs,129,-79257,-15262,46,0.44,0.125,-41140,54,0.23,-0.171,-22855,29,0.11,-0.301
raw_points,129,-7143,9651,46,1.56,0.125,-10331,54,0.7,-0.171,-6463,29,0.59,-0.301
