date,setup,direction,entry_minute,entry,stop0,tp1,tp2,target,rr,score,regime,quantity,lots,risk_pts,confirm,retest,level,fills,gross,costs,net,exit_minute,exit,exit_reason,hold_min,spot_pts,r_mult
2023-10-03,OR_LOW:65477.19@23,1,85,65456.06,65423.91803571428,65487.19196428572,65539.81999999999,SWING_H@5,2.6904823361375745,9,TRANSITION,20,1,32.141964285714494,rejection,True,OR_LOW,"[{'minute': 90, 'price': 65423.91803571428, 'qty': 20, 'reason': 'STOP', 'net': -577.88}]",-510.0058916218586,67.87863374202452,-577.8845253638831,90,65423.91803571428,STOP,5,-32.141964285714494,-1.0
2023-10-03,OR_LOW:65477.19@43,1,143,65523.24,65461.00303571429,65582.36696428571,65816.61,OR_HIGH,4.961695624730664,10,TRANSITION,20,1,62.23696428570838,rejection,True,OR_LOW,"[{'minute': 153, 'price': 65461.00303571429, 'qty': 20, 'reason': 'STOP', 'net': -1021.05}]",-954.0001432747715,67.0509740345625,-1021.051117309334,153,65461.00303571429,STOP,10,-62.23696428570838,-1.0
2023-10-05,SWING_H:65663.18@99,-1,313,65647.74,65686.78232142857,65607.95767857143,65563.18000000001,SWING_L@79,2.1255672611216863,10,TRANSITION,20,1,39.04232142856927,rejection,True,SWING_H,"[{'minute': 323, 'price': 65686.78232142857, 'qty': 20, 'reason': 'STOP', 'net': -688.51}]",-620.7784996962539,67.73000866749722,-688.5085083637512,323,65686.78232142857,STOP,10,-39.04232142856927,-1.0
2023-10-11,SWING_L:66477.04@19,1,82,66541.9,66457.03125,66631.31874999999,66720.73749999999,2.0R (no structural target),2.0,9,TRANSITION,20,1,84.86874999999418,micro_bos,True,SWING_L,"[{'minute': 116, 'price': 66475.01, 'qty': 20, 'reason': 'STRUCTURE_INVALIDATED', 'net': -1144.73}]",-1077.5795232779922,67.15142489937125,-1144.7309481773634,116,66475.01,STRUCTURE_INVALIDATED,34,-66.88999999999942,-0.788158185433437
2023-10-17,SWING_H:66512.31@13,-1,60,66460.84,66525.55589285714,66397.56410714285,66040.59999999999,PDL,6.641391863861661,9,TRANSITION,20,1,64.71589285714435,rejection,True,SWING_H,"[{'minute': 86, 'price': 66510.54, 'qty': 20, 'reason': 'STRUCTURE_INVALIDATED', 'net': -879.46}]",-811.8251160711566,67.63330953070918,-879.4584256018658,86,66510.54,STRUCTURE_INVALIDATED,26,-49.69999999999709,-0.7679720978231149
2023-10-18,SWING_L:65954.8@72,1,236,66006.72,65930.73160714286,66083.43839285713,66473.01000000001,OR_HIGH,6.077942754462426,9,BEAR_TREND,20,1,75.9883928571362,rejection,True,SWING_L,"[{'minute': 322, 'price': 65930.73160714286, 'qty': 20, 'reason': 'STOP', 'net': -1393.79}]",-1327.291021374076,66.49637814808435,-1393.7873995221605,322,65930.73160714286,STOP,86,-75.9883928571362,-1.0
2023-10-26,SWING_L:63185.82@93,1,303,63218.48,63169.85160714286,63266.598392857144,63330.97,SWING_H@78,2.3377755016459205,11,RANGE,20,1,48.6283928571429,rejection,True,SWING_L,"[{'minute': 332, 'price': 63266.598392857144, 'qty': 10, 'reason': 'TP1', 'net': 237.82}, {'minute': 339, 'price': 63253.83678571429, 'qty': 10, 'reason': 'TRAIL_STOP', 'net': 138.58}]",492.64969538483285,116.25763676456172,376.39205862027114,339,63253.83678571429,TRAIL_STOP,36,35.35678571428434,0.7270811070839426
2023-10-31,SWING_L:63934.74@61,1,198,63916.12,63899.17303571429,63932.75696428571,63955.65,SWING_H@63,2.3760344327932925,9,TRANSITION,20,1,16.946964285714785,rejection,True,SWING_L,"[{'minute': 200, 'price': 63932.75696428571, 'qty': 10, 'reason': 'TP1', 'net': 41.45}, {'minute': 208, 'price': 63946.98821428572, 'qty': 10, 'reason': 'TRAIL_STOP', 'net': 134.61}]",292.16464351322486,116.10467304598184,176.059970467243,208,63946.98821428572,TRAIL_STOP,10,30.868214285714203,1.8214598063285086
2023-11-01,SWING_H:63647.19@100,-1,310,63655.96,63691.33892857143,63621.04107142857,63565.99,SESSION_LOW,2.5765395354544256,10,BEAR_TREND,20,1,35.37892857143015,rejection,True,SWING_H,"[{'minute': 317, 'price': 63621.04107142857, 'qty': 10, 'reason': 'TP1', 'net': 167.15}, {'minute': 319, 'price': 63654.38257142857, 'qty': 10, 'reason': 'TRAIL_STOP', 'net': -74.19}]",208.81286482333223,115.85905381272269,92.95381101060954,319,63654.38257142857,TRAIL_STOP,9,1.5774285714287544,0.044586668820225064
2023-11-02,SWING_L:64016.57@33,1,132,64004.48,63989.689107142854,64019.27089285715,64047.28,SWING_H@30,2.893672506004908,9,TRANSITION,20,1,14.79089285714872,rejection,True,SWING_L,"[{'minute': 132, 'price': 63989.689107142854, 'qty': 20, 'reason': 'STOP', 'net': -316.3}]",-248.40538822865483,67.89915690687926,-316.3045451355341,132,63989.689107142854,STOP,0,-14.79089285714872,-1.0
2023-11-07,OR_LOW:64742.32@68,1,223,64756.77,64730.37321428571,64782.286785714285,64854.979999999996,SWING_H@47,3.848838999537765,11,TRANSITION,20,1,26.396785714285215,rejection,True,OR_LOW,"[{'minute': 254, 'price': 64730.37321428571, 'qty': 20, 'reason': 'STOP', 'net': -553.43}]",-485.73785131623595,67.6937405106827,-553.4315918269186,254,64730.37321428571,STOP,31,-26.396785714285215,-1.0
2023-11-08,SWING_H:64971.16@23,-1,80,64924.34,65017.009999999995,64830.76,64639.149999999994,PDL,3.047552895918136,11,TRANSITION,20,1,92.66999999999825,rejection+micro_bos,True,SWING_H,"[{'minute': 143, 'price': 64961.04, 'qty': 20, 'reason': 'STRUCTURE_INVALIDATED', 'net': -773.98}]",-706.6525237606629,67.32630737021888,-773.9788311308818,143,64961.04,STRUCTURE_INVALIDATED,63,-36.700000000004366,-0.3960289198230825
2023-11-16,SWING_L:66122.79@93,1,295,66181.09,66111.32,66250.06999999999,66319.04999999999,2.0R (no structural target),2.0,9,RANGE,20,1,69.76999999998952,micro_bos,True,SWING_L,"[{'minute': 313, 'price': 66250.06999999999, 'qty': 10, 'reason': 'TP1', 'net': 397.31}, {'minute': 336, 'price': 66307.79892857143, 'qty': 10, 'reason': 'TRAIL_STOP', 'net': 784.8}]",1300.8856432687014,118.78486831228354,1182.1007749564178,336,66307.79892857143,TRAIL_STOP,41,126.7089285714319,1.8160947193844192
2023-11-20,OR_LOW:65691.07@103,1,316,65712.75,65674.98964285714,65750.97035714287,65822.53,OR_HIGH,2.872291318200857,10,TRANSITION,20,1,37.76035714286263,micro_bos,True,OR_LOW,"[{'minute': 321, 'price': 65674.98964285714, 'qty': 20, 'reason': 'STOP', 'net': -658.75}]",-590.9375163590073,67.80863698744112,-658.7461533464484,321,65674.98964285714,STOP,5,-37.76035714286263,-1.0
2023-12-07,SWING_H:69578.82@59,-1,198,69524.35,69587.21535714285,69461.02464285716,69395.47,PDL,2.035203681666966,11,TRANSITION,20,1,62.865357142844005,rejection+micro_bos,True,SWING_H,"[{'minute': 239, 'price': 69577.9, 'qty': 20, 'reason': 'STRUCTURE_INVALIDATED', 'net': -976.54}]",-908.0793033653322,68.46256497322263,-976.5418683385548,239,69577.9,STRUCTURE_INVALIDATED,41,-53.54999999998836,-0.851820500730011
2023-12-13,PDL:69444.21@95,1,305,69424.09,69402.69892857142,69441.89107142857,69494.75,SWING_H@98,3.969423991331646,11,TRANSITION,20,1,21.391071428573923,rejection,True,PDL,"[{'minute': 307, 'price': 69402.69892857142, 'qty': 20, 'reason': 'STOP', 'net': -420.64}]",-351.14282304172207,69.49547255505587,-420.63829559677794,307,69402.69892857142,STOP,2,-21.391071428573923,-1.0
2023-12-18,SWING_H:71517.49@51,-1,184,71441.0,71534.52839285714,71343.77160714286,71148.92,OR_LOW,3.0040607626741043,10,BULL_TREND,20,1,93.52839285714435,rejection,True,SWING_H,"[{'minute': 200, 'price': 71405.82428571428, 'qty': 20, 'reason': 'TRAIL_STOP', 'net': 353.93}]",425.58331906299827,71.64952203117682,353.9337970318214,200,71405.82428571428,TRAIL_STOP,16,35.1757142857241,0.3760966398669079
2023-12-19,SWING_H:71477.56@76,-1,258,71470.18,71510.15535714285,71422.04464285714,71312.65,OR_LOW,3.2726463321443235,10,BULL_TREND,20,1,39.97535714285914,rejection,True,SWING_H,"[{'minute': 268, 'price': 71510.15535714285, 'qty': 20, 'reason': 'STOP', 'net': -709.1}]",-639.4816872454567,69.62044953841783,-709.1021367838745,268,71510.15535714285,STOP,10,-39.97535714285914,-1.0
2023-12-26,SWING_H:71441.62@64,-1,199,71386.99,71465.90321428572,71308.0767857143,71016.76,OR_LOW,4.691609679711679,9,RANGE,20,1,78.91321428571246,micro_bos,True,SWING_H,"[{'minute': 212, 'price': 71308.0767857143, 'qty': 10, 'reason': 'TP1', 'net': 470.82}, {'minute': 217, 'price': 71334.79035714286, 'qty': 10, 'reason': 'TRAIL_STOP', 'net': 273.01}]",863.4978446948571,119.66990108954019,743.8279436053169,217,71334.79035714286,TRAIL_STOP,18,52.19964285714377,0.661481645750105
2024-01-03,PDL:71615.87@50,1,157,71644.98,71573.84857142858,71712.53142857141,71865.58,OR_HIGH,3.265660026224092,11,RANGE,20,1,71.13142857141793,rejection+micro_bos,True,PDL,"[{'minute': 170, 'price': 71573.84857142858, 'qty': 20, 'reason': 'STOP', 'net': -1163.7}]",-1094.898444053763,68.80652910436235,-1163.7049731581253,170,71573.84857142858,STOP,13,-71.13142857141793,-1.0
2024-01-04,PDH:71862.0@84,-1,261,71828.78,71891.28571428571,71766.08428571429,71551.59,OR_LOW,4.421195342584449,10,BULL_TREND,20,1,62.50571428571129,rejection+micro_bos,True,PDH,"[{'minute': 265, 'price': 71891.28571428571, 'qty': 20, 'reason': 'STOP', 'net': -1017.69}]",-948.5421550844148,69.14748807574074,-1017.6896431601556,265,71891.28571428571,STOP,4,-62.50571428571129,-1.0
2024-01-09,SWING_H:72004.36@75,-1,249,71970.31,72026.55446428571,71909.18553571428,71775.79000000001,OR_LOW,3.1823591793087265,10,BULL_TREND,20,1,56.24446428571537,rejection+micro_bos,True,SWING_H,"[{'minute': 277, 'price': 71909.18553571428, 'qty': 10, 'reason': 'TP1', 'net': 324.03}, {'minute': 288, 'price': 71898.74785714285, 'qty': 10, 'reason': 'TRAIL_STOP', 'net': 385.09}]",828.9130925877328,119.79667983647522,709.1164127512575,288,71898.74785714285,TRAIL_STOP,39,71.56214285714668,1.2723410875356422
2024-01-11,SWING_L:71756.31@61,1,203,71811.09,71743.21392857142,71878.60607142857,71999.26,OR_HIGH,2.7870401227219745,10,TRANSITION,20,1,67.8760714285745,rejection+micro_bos,True,SWING_L,"[{'minute': 257, 'price': 71748.22, 'qty': 20, 'reason': 'STRUCTURE_INVALIDATED', 'net': -1148.07}]",-1079.1830685797322,68.89156545614152,-1148.0746340358737,257,71748.22,STRUCTURE_INVALIDATED,54,-62.86999999999534,-0.9262468890255823
2024-01-17,OR_LOW:71815.22@91,1,291,71768.74,71736.03464285714,71794.43535714287,71856.08000000002,SWING_H@92,3.3990576396514225,10,TRANSITION,20,1,32.705357142869616,rejection,True,OR_LOW,"[{'minute': 292, 'price': 71794.43535714287, 'qty': 10, 'reason': 'TP1', 'net': 103.9}, {'minute': 297, 'price': 71771.37414285715, 'qty': 10, 'reason': 'TRAIL_STOP', 'net': -67.74}]",154.59987349135076,118.43923740632226,36.160636085028486,297,71771.37414285715,TRAIL_STOP,6,2.6341428571467986,0.08054163254172234
2024-01-18,OR_HIGH:71189.5@69,-1,220,71165.15,71264.67607142858,71065.94392857142,70943.0,OR_LOW,2.2392782699789886,10,TRANSITION,20,1,99.52607142858324,rejection,True,OR_HIGH,"[{'minute': 262, 'price': 71065.94392857142, 'qty': 10, 'reason': 'TP1', 'net': 580.53}, {'minute': 265, 'price': 71140.59785714286, 'qty': 10, 'reason': 'TRAIL_STOP', 'net': 41.4}]",741.2922975781726,119.36258618382132,621.9297113943512,265,71140.59785714286,TRAIL_STOP,45,24.55214285713737,0.24669056564495476
2024-01-20,SWING_L:71707.9@74,1,249,71751.56,71682.33714285714,71820.78285714285,71895.64,PDH,2.081393429090344,8,BEAR_TREND,20,1,69.22285714285681,rejection,True,SWING_L,"[{'minute': 266, 'price': 71694.67, 'qty': 20, 'reason': 'STRUCTURE_INVALIDATED', 'net': -969.58}]",-900.3652354435906,69.21416062197424,-969.5793960655648,266,71694.67,STRUCTURE_INVALIDATED,17,-56.88999999999942,-0.821838368829449
2024-02-13,SWING_L:71236.1@66,1,224,71311.35,71211.76160714286,71407.28839285714,71545.43000000001,SWING_H@54,2.439899116806992,10,RANGE,20,1,99.58839285714203,rejection,True,SWING_L,"[{'minute': 225, 'price': 71407.28839285714, 'qty': 10, 'reason': 'TP1', 'net': 607.89}, {'minute': 232, 'price': 71408.58821428572, 'qty': 10, 'reason': 'TRAIL_STOP', 'net': 608.51}]",1336.9463977358612,120.55114280356611,1216.395254932295,232,71408.58821428572,TRAIL_STOP,8,97.23821428570955,0.9764010794430253
2024-02-15,SWING_L:71790.73@60,1,201,71779.06,71758.165,71800.765,71852.81,SWING_H@59,3.397834600322233,10,RANGE,20,1,20.895000000004075,rejection,True,SWING_L,"[{'minute': 201, 'price': 71800.765, 'qty': 10, 'reason': 'TP1', 'net': 76.53}, {'minute': 202, 'price': 71781.23049999999, 'qty': 10, 'reason': 'TRAIL_STOP', 'net': -64.82}]",130.10989791706152,118.39577335812254,11.714124558938991,202,71781.23049999999,TRAIL_STOP,1,2.1704999999928987,0.10387652548420558
2024-02-19,SWING_H:72799.48@81,-1,262,72712.94,72814.97589285714,72613.60410714286,72451.03,OR_LOW,2.636609914773408,8,BULL_TREND,20,1,102.03589285713679,rejection,True,SWING_H,"[{'minute': 304, 'price': 72814.97589285714, 'qty': 20, 'reason': 'STOP', 'net': -1681.94}]",-1613.7717155848839,68.16662626340768,-1681.9383418482914,304,72814.97589285714,STOP,42,-102.03589285713679,-1.0
2024-02-26,SWING_L:72744.55@71,1,231,72815.13,72728.595,72901.66500000001,73035.24,OR_HIGH,2.543595077136323,9,TRANSITION,20,1,86.53500000000349,rejection,True,SWING_L,"[{'minute': 236, 'price': 72901.66500000001, 'qty': 10, 'reason': 'TP1', 'net': 534.68}, {'minute': 249, 'price': 72889.13107142856, 'qty': 10, 'reason': 'TRAIL_STOP', 'net': 428.28}]",1083.522048411736,120.56353963397707,962.958508777759,249,72889.13107142856,TRAIL_STOP,18,74.00107142855995,0.8551576983712598
2024-02-28,SWING_L:72583.94@95,1,295,72636.94,72560.44714285714,72713.43285714286,73160.2,PDH,6.840638715099046,11,TRANSITION,20,1,76.49285714286088,rejection+micro_bos,True,SWING_L,"[{'minute': 305, 'price': 72560.44714285714, 'qty': 20, 'reason': 'STOP', 'net': -1234.34}]",-1165.3429181134823,68.99985656265069,-1234.3427746761329,305,72560.44714285714,STOP,10,-76.49285714286088,-1.0
2024-03-05,SESSION_LOW:73428.84@26,1,101,73482.7,73412.89446428571,73552.98553571428,73746.59000000001,SWING_H@9,3.754542059304331,10,TRANSITION,20,1,69.80553571428754,rejection,True,SESSION_LOW,"[{'minute': 120, 'price': 73412.89446428571, 'qty': 20, 'reason': 'STOP', 'net': -1162.53}]",-1093.1078903661694,69.41793081540305,-1162.5258211815724,120,73412.89446428571,STOP,19,-69.80553571428754,-1.0
2024-03-12,SWING_H:73833.15@94,-1,304,73788.72,73859.34125,73716.50875000001,73475.39,OR_LOW,4.3390745901785674,9,BULL_TREND,20,1,70.62124999999651,rejection,True,SWING_H,"[{'minute': 306, 'price': 73716.50875000001, 'qty': 10, 'reason': 'TP1', 'net': 435.29}, {'minute': 322, 'price': 73660.34214285715, 'qty': 10, 'reason': 'TRAIL_STOP', 'net': 817.53}]",1374.257005189653,121.44215217447771,1252.8148530151752,322,73660.34214285715,TRAIL_STOP,18,128.37785714285565,1.8178360924348125
2024-03-18,OR_HIGH:72767.96@90,-1,278,72762.05,72808.97410714286,72713.57589285714,72522.85,SWING_L@55,4.934593210660923,8,BULL_TREND,20,1,46.924107142855064,rejection,True,OR_HIGH,"[{'minute': 280, 'price': 72808.97410714286, 'qty': 20, 'reason': 'STOP', 'net': -790.08}]",-720.1856333843978,69.89335796791491,-790.0789913523126,280,72808.97410714286,STOP,2,-46.924107142855064,-1.0
2024-03-19,SWING_L:72105.28@62,1,197,72110.55,72068.33232142856,72152.40767857144,72195.37,SWING_H@35,2.0263904472205305,10,TRANSITION,20,1,42.21767857144005,rejection,True,SWING_L,"[{'minute': 200, 'price': 72152.40767857144, 'qty': 10, 'reason': 'TP1', 'net': 217.15}, {'minute': 205, 'price': 72112.34817857142, 'qty': 10, 'reason': 'TRAIL_STOP', 'net': -76.44}]",259.4581007724946,118.75303618333214,140.70506458916248,205,72112.34817857142,TRAIL_STOP,8,1.7981785714218859,0.04259302340319443
2024-03-27,SWING_L:72989.58@66,1,226,73054.74,72970.80410714286,73137.33589285714,73219.93178571427,2.0R (no structural target),2.0,8,RANGE,20,1,83.93589285714552,rejection,True,SWING_L,"[{'minute': 295, 'price': 73137.33589285714, 'qty': 10, 'reason': 'TP1', 'net': 424.8}, {'minute': 317, 'price': 73056.011, 'qty': 10, 'reason': 'TRAIL_STOP', 'net': -186.47}]",357.5791254581793,119.25322456352093,238.32590089465833,317,73056.011,TRAIL_STOP,91,1.2709999999933643,0.015142508844893562
2024-04-03,SWING_L:73894.43@35,1,130,73946.73,73879.53482142858,74013.56517857141,74099.1,PDH,2.2797874301658503,9,TRANSITION,20,1,67.19517857141909,rejection,True,SWING_L,"[{'minute': 179, 'price': 74013.56517857141, 'qty': 10, 'reason': 'TP1', 'net': 336.07}, {'minute': 184, 'price': 74022.70571428572, 'qty': 10, 'reason': 'TRAIL_STOP', 'net': 395.18}]",851.7493800509567,120.49425309394351,731.2551269570132,184,74022.70571428572,TRAIL_STOP,54,75.97571428572701,1.1306721092343766
2024-04-04,SWING_L:73832.77@62,1,204,73892.98,73810.88660714286,73975.01339285713,74149.62,PDH,3.12848208591045,11,TRANSITION,20,1,82.09339285713213,rejection+micro_bos,True,SWING_L,"[{'minute': 207, 'price': 73975.01339285713, 'qty': 10, 'reason': 'TP1', 'net': 504.39}, {'minute': 223, 'price': 74055.74785714287, 'qty': 10, 'reason': 'TRAIL_STOP', 'net': 1062.8}]",1689.2718934946288,122.07963978640913,1567.1922537082196,223,74055.74785714287,TRAIL_STOP,19,162.76785714286962,1.982715678789595
2024-04-08,SWING_L:74766.02@100,1,307,74765.71,74728.3094642857,74802.53053571431,74869.79000000001,SESSION_HIGH,2.8266834792296596,10,TRANSITION,20,1,37.40053571430326,micro_bos,True,SWING_L,"[{'minute': 319, 'price': 74802.53053571431, 'qty': 10, 'reason': 'TP1', 'net': 167.97}, {'minute': 326, 'price': 74772.68571428572, 'qty': 10, 'reason': 'TRAIL_STOP', 'net': -55.2}]",232.35425952045034,119.57956310222684,112.7746964182235,326,74772.68571428572,TRAIL_STOP,19,6.975714285712456,0.18651375314511073
2024-04-10,OR_HIGH:74950.7@10,-1,44,74877.47,74976.16553571429,74774.37446428572,74607.98,PDL,2.6139832159839544,9,TRANSITION,20,1,98.69553571428696,rejection,True,OR_HIGH,"[{'minute': 170, 'price': 74911.22, 'qty': 20, 'reason': 'STRUCTURE_INVALIDATED', 'net': -926.84}]",-856.5086066146,70.33225722472024,-926.8408638393203,170,74911.22,STRUCTURE_INVALIDATED,126,-33.75,-0.3419607559322911
2024-04-15,OR_HIGH:73727.44@68,-1,224,73677.92,73762.5005357143,73594.3594642857,73356.06,OR_LOW,3.8518182925549342,10,BULL_TREND,20,1,84.58053571429627,rejection+micro_bos,True,OR_HIGH,"[{'minute': 230, 'price': 73594.3594642857, 'qty': 10, 'reason': 'TP1', 'net': 511.6}, {'minute': 235, 'price': 73633.56571428572, 'qty': 10, 'reason': 'TRAIL_STOP', 'net': 224.0}]",856.0097628195115,120.41347762199699,735.5962851975146,235,73633.56571428572,TRAIL_STOP,11,44.35428571427474,0.5244029886982347
2024-04-18,SWING_H:73403.08@66,-1,228,73358.91,73436.86,73280.86,73115.7875,OR_LOW,3.1149583600254784,9,BULL_TREND,20,1,77.94999999999709,rejection+micro_bos,True,SWING_H,"[{'minute': 251, 'price': 73280.86, 'qty': 10, 'reason': 'TP1', 'net': 450.52}, {'minute': 255, 'price': 72807.41563616072, 'qty': 10, 'reason': 'TRAIL_STOP', 'net': 3840.87}]",4418.512323046101,127.1272104581089,4291.385112587992,255,72807.41563616072,TRAIL_STOP,27,551.494363839287,7.074975802941726
2024-05-21,PDH:74070.84@98,-1,307,73994.27,74088.32053571429,73899.69946428572,73788.348125,OR_LOW,2.17744219639533,10,TRANSITION,20,1,94.05053571428289,rejection+micro_bos,True,PDH,"[{'minute': 348, 'price': 73951.20964285714, 'qty': 20, 'reason': 'TRAIL_STOP', 'net': 398.84}]",471.4227994764519,72.58196725335706,398.8408322230949,348,73951.20964285714,TRAIL_STOP,41,43.06035714286554,0.4578427631042853
2024-05-28,SWING_H:75471.46@38,-1,129,75467.58,75505.84607142858,75425.33392857143,75351.026875,SESSION_LOW,2.7589103805089947,10,TRANSITION,20,1,38.26607142857392,rejection+micro_bos,True,SWING_H,"[{'minute': 134, 'price': 75425.33392857143, 'qty': 10, 'reason': 'TP1', 'net': 215.63}, {'minute': 146, 'price': 75439.75857142857, 'qty': 10, 'reason': 'TRAIL_STOP', 'net': 96.39}]",432.21827493663454,120.19433897530149,312.02393596133305,146,75439.75857142857,TRAIL_STOP,17,27.821428571434808,0.7270521256242698
2024-05-30,SWING_L:74098.47@56,1,188,74098.35,74068.00285714286,74128.69714285716,74162.2,SWING_H@57,2.103987195781345,9,RANGE,20,1,30.347142857150175,rejection,True,SWING_L,"[{'minute': 194, 'price': 74068.00285714286, 'qty': 20, 'reason': 'STOP', 'net': -563.92}]",-493.14946762167665,70.77003517462562,-563.9195027963023,194,74068.00285714286,STOP,6,-30.347142857150175,-1.0
2024-06-03,SWING_H:76310.03@86,-1,277,76253.48,76340.03517857143,76168.66482142857,76069.5,SWING_L@88,2.1691872032675503,9,RANGE,20,1,86.55517857143423,rejection,True,SWING_H,"[{'minute': 284, 'price': 76323.17, 'qty': 20, 'reason': 'STRUCTURE_INVALIDATED', 'net': -1133.27}]",-1062.8756151948323,70.39246003188434,-1133.2680752267167,284,76323.17,STRUCTURE_INVALIDATED,7,-69.69000000000233,-0.8051511319162374
2024-06-06,SWING_L:74726.24@61,1,212,74747.41,74681.07214285714,74813.80785714286,74964.36,SWING_H@66,3.2674247232589706,10,TRANSITION,20,1,66.33785714286205,rejection,True,SWING_L,"[{'minute': 214, 'price': 74813.80785714286, 'qty': 10, 'reason': 'TP1', 'net': 393.14}, {'minute': 221, 'price': 74752.20164285715, 'qty': 10, 'reason': 'TRAIL_STOP', 'net': -57.82}]",455.3206229279044,120.00030665317746,335.32031627472696,221,74752.20164285715,TRAIL_STOP,9,4.791642857147963,0.07223089595476244
2024-06-12,OR_HIGH:76727.9@97,-1,300,76708.7,76779.0775,76637.7525,76554.10124999999,OR_LOW,2.179058458719702,12,BEAR_TREND,20,1,70.37750000000233,rejection,True,OR_HIGH,"[{'minute': 329, 'price': 76779.0775, 'qty': 20, 'reason': 'STOP', 'net': -1202.48}]",-1132.0696118390333,70.41061103721492,-1202.4802228762483,329,76779.0775,STOP,29,-70.37750000000233,-1.0
2024-06-19,OR_LOW:77369.95@52,1,187,77417.79,77345.83339285714,77488.98660714286,77582.2209375,OR_HIGH,2.3095333345036773,10,BULL_TREND,20,1,71.95660714285623,rejection,True,OR_LOW,"[{'minute': 215, 'price': 77393.84, 'qty': 20, 'reason': 'STRUCTURE_INVALIDATED', 'net': -535.19}]",-463.2618977315565,71.92541815739904,-535.1873158889555,215,77393.84,STRUCTURE_INVALIDATED,28,-23.94999999999709,-0.33283948411365333
2024-06-24,SWING_H:77360.12@89,-1,288,77317.65,77400.96857142856,77237.10142857143,76799.23,PDL,6.436116628831723,11,TRANSITION,20,1,83.31857142856461,rejection,True,SWING_H,"[{'minute': 329, 'price': 77237.10142857143, 'qty': 10, 'reason': 'TP1', 'net': 440.83}, {'minute': 336, 'price': 77258.50035714285, 'qty': 10, 'reason': 'TRAIL_STOP', 'net': 277.92}]",840.3362091760857,121.5876101912958,718.7485989847899,336,77258.50035714285,TRAIL_STOP,48,59.14964285714086,0.7099214718036108
2024-06-25,SWING_L:77540.51@26,1,100,77602.31,77525.96660714285,77677.54339285714,77752.77678571429,2.0R (no structural target),2.0,9,TRANSITION,20,1,76.34339285714668,rejection,True,SWING_L,"[{'minute': 120, 'price': 77525.96660714285, 'qty': 20, 'reason': 'STOP', 'net': -1265.4}]",-1194.816434794626,70.58613598193607,-1265.402570776562,120,77525.96660714285,STOP,20,-76.34339285714668,-1.0
2024-07-02,OR_LOW:79489.03@31,1,111,79552.39,79457.24964285715,79647.32035714285,79856.0771875,OR_HIGH,3.199052406840038,12,TRANSITION,20,1,95.14035714285274,rejection+micro_bos,True,OR_LOW,"[{'minute': 143, 'price': 79550.92, 'qty': 20, 'reason': 'STRUCTURE_INVALIDATED', 'net': -227.82}]",-154.59548184641562,73.22245253666975,-227.81793438308537,143,79550.92,STRUCTURE_INVALIDATED,32,-1.4700000000011642,-0.015450856441435963
2024-07-02,OR_LOW:79489.03@82,1,257,79435.02,79388.3010546875,79485.7189453125,79542.69,SWING_H@66,2.1237128176205733,8,BEAR_TREND,20,1,46.71894531250291,rejection,True,OR_LOW,"[{'minute': 258, 'price': 79388.3010546875, 'qty': 20, 'reason': 'STOP', 'net': -790.77}]",-718.6655833236409,72.10389122577637,-790.7694745494173,258,79388.3010546875,STOP,1,-46.71894531250291,-1.0
2024-07-03,PDH:79855.87@57,-1,180,79845.38,79886.32392857142,79804.51607142859,79754.873125,OR_LOW,2.214835385732219,10,BEAR_TREND,20,1,40.94392857141793,rejection,True,PDH,"[{'minute': 182, 'price': 79886.32392857142, 'qty': 20, 'reason': 'STOP', 'net': -711.1}]",-638.7047973323615,72.39271026589985,-711.0975075982614,182,79886.32392857142,STOP,2,-40.94392857141793,-1.0
2024-07-10,SWING_L:79739.89@59,1,217,79808.11,79706.80839285714,79907.96160714286,80398.621875,PDH,5.913894547086616,11,TRANSITION,20,1,101.30160714285739,rejection+micro_bos,True,SWING_L,"[{'minute': 245, 'price': 79766.71, 'qty': 20, 'reason': 'STRUCTURE_INVALIDATED', 'net': -789.94}]",-717.7157455043175,72.22913902741844,-789.944884531736,245,79766.71,STRUCTURE_INVALIDATED,28,-41.39999999999418,-0.4086805843229233
2024-08-01,SWING_L:81781.74@69,1,236,81849.92,81748.09853236607,81952.50146763392,82128.7321875,OR_HIGH,2.717958652092924,8,BEAR_TREND,20,1,101.82146763392666,rejection,True,SWING_L,"[{'minute': 272, 'price': 81751.8, 'qty': 20, 'reason': 'STRUCTURE_INVALIDATED', 'net': -1630.16}]",-1558.862736601534,71.29452579487281,-1630.1572623964066,272,81751.8,STRUCTURE_INVALIDATED,36,-98.11999999999534,-0.9636474731709918
2024-08-08,PDL:79106.2@37,1,139,79128.21,79047.02375,79201.06625000002,79312.84,SWING_H@24,2.534168310885622,10,TRANSITION,20,1,81.18625000001339,rejection,True,PDL,"[{'minute': 146, 'price': 79201.06625000002, 'qty': 10, 'reason': 'TP1', 'net': 430.46}, {'minute': 200, 'price': 79518.27972098214, 'qty': 10, 'reason': 'TRAIL_STOP', 'net': 2630.98}]",3188.1148147291324,126.68066994853619,3061.4341447805964,200,79518.27972098214,TRAIL_STOP,61,390.06972098213737,4.804627889354085
2024-08-19,OR_LOW:80497.9@79,1,252,80489.97,80468.94982142857,80507.58017857143,80559.3,SWING_H@80,3.9369277102329123,10,BEAR_TREND,20,1,21.020178571430733,rejection,True,OR_LOW,"[{'minute': 252, 'price': 80468.94982142857, 'qty': 20, 'reason': 'STOP', 'net': -420.32}]",-347.1595734857442,73.16403048969482,-420.323603975439,252,80468.94982142857,STOP,0,-21.020178571430733,-1.0
2024-08-20,SWING_H:80915.08@76,-1,253,80862.49,80927.01640066964,80796.87359933036,80519.04312500001,OR_LOW,5.234162061541668,10,TRANSITION,20,1,64.52640066963795,micro_bos,True,SWING_H,"[{'minute': 329, 'price': 80887.92, 'qty': 20, 'reason': 'STRUCTURE_INVALIDATED', 'net': -698.16}]",-625.4066453530982,72.7546565772306,-698.1613019303288,329,80887.92,STRUCTURE_INVALIDATED,76,-25.429999999993015,-0.3941022548303824
2024-08-22,OR_LOW:81013.58@20,1,89,81074.46,80998.07910714285,81151.60089285715,81235.693125,OR_HIGH,2.0901122482284085,12,TRANSITION,20,1,76.3808928571525,rejection+micro_bos,True,OR_LOW,"[{'minute': 146, 'price': 81151.60089285715, 'qty': 10, 'reason': 'TP1', 'net': 389.42}, {'minute': 163, 'price': 81133.66171428571, 'qty': 10, 'reason': 'TRAIL_STOP', 'net': 236.74}]",748.8102671347974,122.65528129890404,626.1549858358933,163,81133.66171428571,TRAIL_STOP,74,59.20171428570757,0.7750853920551384
2024-08-26,SWING_H:81676.62@30,-1,109,81620.53,81722.7955357143,81517.1844642857,81279.5175,OR_LOW,3.2997313105303796,9,TRANSITION,20,1,102.26553571429395,rejection,True,SWING_H,"[{'minute': 131, 'price': 81668.45, 'qty': 20, 'reason': 'STRUCTURE_INVALIDATED', 'net': -869.77}]",-797.0975132837748,72.67679228641109,-869.7743055701859,131,81668.45,STRUCTURE_INVALIDATED,22,-47.919999999998254,-0.46858406075215364
2024-08-27,SWING_H:81867.93@93,-1,305,81824.1,81894.69910714286,81753.50089285715,81637.13,OR_LOW,2.6483337759734775,9,BULL_TREND,20,1,70.59910714285797,rejection+micro_bos,True,SWING_H,"[{'minute': 334, 'price': 81753.50089285715, 'qty': 10, 'reason': 'TP1', 'net': 381.36}, {'minute': 344, 'price': 81718.73821428571, 'qty': 10, 'reason': 'TRAIL_STOP', 'net': 616.41}]",1121.3871580723696,123.61646448853224,997.7706935838373,344,81718.73821428571,TRAIL_STOP,39,105.36178571429627,1.492395442071182
2024-09-03,OR_LOW:82481.56@65,1,221,82514.73,82466.37517857143,82565.77482142857,82672.3725,OR_HIGH,3.0883152411571304,12,RANGE,20,1,48.35482142856927,rejection+micro_bos,True,OR_LOW,"[{'minute': 238, 'price': 82565.77482142857, 'qty': 10, 'reason': 'TP1', 'net': 257.72}, {'minute': 252, 'price': 82575.08428571429, 'qty': 10, 'reason': 'TRAIL_STOP', 'net': 304.35}]",685.0874270321424,123.00978990388838,562.077637128254,252,82575.08428571429,TRAIL_STOP,31,60.35428571428929,1.2481544535004825
2024-09-18,SWING_L:83235.25@59,1,199,83305.99,83222.59286272322,83393.58713727679,83481.18427455357,2.0R (no structural target),2.0,9,RANGE,20,1,83.39713727678463,rejection,True,SWING_L,"[{'minute': 215, 'price': 83237.62, 'qty': 20, 'reason': 'STRUCTURE_INVALIDATED', 'net': -1148.47}]",-1075.7683500913436,72.70096812439955,-1148.4693182157432,215,83237.62,STRUCTURE_INVALIDATED,16,-68.3700000000099,-0.8198123128986844
2024-09-23,PDH:84694.46@44,-1,154,84630.55,84714.43425223214,84545.83574776787,83188.470625,PDL,17.022866129401198,12,RANGE,20,1,83.88425223213562,rejection+micro_bos,True,PDH,"[{'minute': 164, 'price': 84714.43425223214, 'qty': 20, 'reason': 'STOP', 'net': -1355.22}]",-1282.4719247934672,72.74350544181029,-1355.2154302352776,164,84714.43425223214,STOP,10,-83.88425223213562,-1.0
2024-09-24,SWING_L:84978.8@85,1,277,85037.62,84960.66892857142,85113.18107142857,85188.74214285714,2.0R (no structural target),2.0,8,RANGE,20,1,76.9510714285716,micro_bos,True,SWING_L,"[{'minute': 305, 'price': 85113.18107142857, 'qty': 10, 'reason': 'TP1', 'net': 415.38}, {'minute': 306, 'price': 85071.76832589286, 'qty': 10, 'reason': 'TRAIL_STOP', 'net': 116.89}]",656.0514022948109,123.78885929371359,532.2625430010974,306,85071.76832589286,TRAIL_STOP,29,34.148325892863795,0.4437667372125071
2024-09-26,SWING_L:85377.73@46,1,163,85433.25,85366.93357142857,85504.68642857143,85576.12285714285,2.0R (no structural target),2.0,8,TRANSITION,20,1,66.31642857143015,rejection,True,SWING_L,"[{'minute': 185, 'price': 85504.68642857143, 'qty': 10, 'reason': 'TP1', 'net': 394.36}, {'minute': 189, 'price': 85480.00331473214, 'qty': 10, 'reason': 'TRAIL_STOP', 'net': 211.38}]",729.8011973420807,124.06091624237985,605.740281099701,189,85480.00331473214,TRAIL_STOP,26,46.75331473213737,0.7050035072648531
2024-10-08,SWING_H:81508.64@51,-1,162,81472.3,81535.12227678571,81409.4777232143,81313.38,SWING_L@33,2.5296759068775567,8,BULL_TREND,20,1,62.8222767857078,rejection,True,SWING_H,"[{'minute': 162, 'price': 81409.4777232143, 'qty': 10, 'reason': 'TP1', 'net': 367.11}, {'minute': 178, 'price': 81408.50991071429, 'qty': 10, 'reason': 'TRAIL_STOP', 'net': 351.32}]",841.3947101308099,122.96412228991804,718.4305878408918,178,81408.50991071429,TRAIL_STOP,16,63.7900892857142,1.0154055623184064
2024-10-15,SWING_H:81823.02@36,-1,116,81802.52,81849.56175781251,81757.3482421875,81706.4503125,SWING_L@16,2.1267644243278445,9,TRANSITION,20,1,47.04175781250524,rejection,True,SWING_H,"[{'minute': 130, 'price': 81757.3482421875, 'qty': 10, 'reason': 'TP1', 'net': 220.41}, {'minute': 154, 'price': 81762.49964285715, 'qty': 10, 'reason': 'TRAIL_STOP', 'net': 149.24}]",492.0556374096873,122.40467135092369,369.6509660587636,154,81762.49964285715,TRAIL_STOP,38,40.02035714285739,0.8507411075573938
2024-10-15,SWING_L:81774.01@100,1,313,81816.91,81734.62375,81900.81625,82070.551875,PDH,3.022919925512118,10,TRANSITION,20,1,82.28625000000466,rejection,True,SWING_L,"[{'minute': 323, 'price': 81734.62375, 'qty': 20, 'reason': 'STOP', 'net': -1328.81}]",-1256.9482722630676,71.86152370146641,-1328.809795964534,323,81734.62375,STOP,10,-82.28625000000466,-1.0
2024-10-21,SWING_L:80976.98@62,1,198,81041.96,80955.14732142857,81132.10267857143,81387.82,PDH,3.83680633281763,9,BEAR_TREND,20,1,86.81267857144121,rejection+micro_bos,True,SWING_L,"[{'minute': 221, 'price': 80984.49, 'qty': 20, 'reason': 'STRUCTURE_INVALIDATED', 'net': -1008.62}]",-936.4046618444172,72.21872458707462,-1008.6233864314918,221,80984.49,STRUCTURE_INVALIDATED,23,-57.470000000001164,-0.6620000781649316
2024-10-23,OR_HIGH:80389.51@22,-1,86,80380.41,80461.70603794642,80299.11396205358,80169.04,SWING_L@23,2.600003706691308,10,TRANSITION,20,1,81.29603794642026,rejection,True,OR_HIGH,"[{'minute': 90, 'price': 80299.11396205358, 'qty': 10, 'reason': 'TP1', 'net': 494.48}, {'minute': 93, 'price': 80376.09331138393, 'qty': 10, 'reason': 'TRAIL_STOP', 'net': -61.81}]",554.7234959203251,122.05415120752852,432.6693447127966,93,80376.09331138393,TRAIL_STOP,7,4.316688616076135,0.05309838861914935
2024-10-24,OR_LOW:80041.69@43,1,161,80049.14,80023.98089285713,80074.69910714286,80105.46,SWING_H@48,2.2035198524425166,8,BEAR_TREND,20,1,25.159107142870198,rejection,True,OR_LOW,"[{'minute': 186, 'price': 80074.69910714286, 'qty': 10, 'reason': 'TP1', 'net': 65.61}, {'minute': 191, 'price': 80050.48107142857, 'qty': 10, 'reason': 'TRAIL_STOP', 'net': -115.06}]",71.57320208740543,121.0197202785746,-49.44651819116916,191,80050.48107142857,TRAIL_STOP,30,1.3410714285710128,0.05330361769022702
2024-11-06,SESSION_HIGH:80208.49@55,-1,189,80132.53,80230.5272265625,80030.74277343751,79928.17,SWING_L@38,2.007717538845978,9,RANGE,20,1,97.99722656249651,rejection,True,SESSION_HIGH,"[{'minute': 200, 'price': 80230.5272265625, 'qty': 20, 'reason': 'STOP', 'net': -1554.87}]",-1484.0012811768497,70.86965868967512,-1554.8709398665249,200,80230.5272265625,STOP,11,-97.99722656249651,-1.0
2024-11-14,OR_LOW:77616.56@80,1,251,77637.31,77598.19696428571,77676.42303571428,77945.453125,OR_HIGH,7.878271767268575,11,TRANSITION,20,1,39.11303571428289,rejection,True,OR_LOW,"[{'minute': 253, 'price': 77676.42303571428, 'qty': 10, 'reason': 'TP1', 'net': 196.07}, {'minute': 255, 'price': 77639.05514285713, 'qty': 10, 'reason': 'TRAIL_STOP', 'net': -74.64}]",241.97802062789265,120.54799826854475,121.4300223593479,255,77639.05514285713,TRAIL_STOP,4,1.7451428571366705,0.04461793428372009
2024-11-18,SWING_L:77179.66@44,1,139,77188.24,77135.48053571428,77240.05946428573,77302.56,SWING_H@23,2.2061208384873323,10,TRANSITION,20,1,52.75946428572934,rejection,True,SWING_L,"[{'minute': 149, 'price': 77240.05946428573, 'qty': 10, 'reason': 'TP1', 'net': 276.65}, {'minute': 154, 'price': 77217.70000000001, 'qty': 10, 'reason': 'TRAIL_STOP', 'net': 109.56}]",507.11398888156737,120.90695007548551,386.20703880608187,154,77217.70000000001,TRAIL_STOP,15,29.460000000006403,0.5583832284660802
2024-11-21,SWING_L:77069.13@51,1,178,77151.35,77055.44107142858,77247.44892857142,77710.91937500001,OR_HIGH,5.822847177574488,11,RANGE,20,1,95.90892857142899,rejection,True,SWING_L,"[{'minute': 215, 'price': 77086.64, 'qty': 20, 'reason': 'STRUCTURE_INVALIDATED', 'net': -1143.55}]",-1072.8762842535923,70.67035994842755,-1143.54664420202,215,77086.64,STRUCTURE_INVALIDATED,37,-64.7100000000064,-0.674702563816184
2024-11-21,OR_LOW:77110.21@80,1,247,77145.4,77074.28517857143,77214.89482142856,77712.729375,OR_HIGH,8.163620876170455,11,TRANSITION,20,1,71.11482142856403,rejection+micro_bos,True,OR_LOW,"[{'minute': 305, 'price': 77118.67, 'qty': 20, 'reason': 'TIME_EXIT', 'net': -655.24}]",-583.6355516759409,71.60488633100526,-655.2404380069461,305,77118.67,TIME_EXIT,58,-26.729999999995925,-0.3758710134264576
2024-12-10,SWING_H:81358.52@77,-1,241,81298.55,81388.30760602678,81208.32239397323,81118.09478794645,2.0R (no structural target),2.0,9,BEAR_TREND,20,1,89.75760602677474,rejection,True,SWING_H,"[{'minute': 273, 'price': 81208.32239397323, 'qty': 10, 'reason': 'TP1', 'net': 518.38}, {'minute': 284, 'price': 81244.22135044643, 'qty': 10, 'reason': 'TRAIL_STOP', 'net': 245.33}]",886.705303916898,122.99337308111751,763.7119308357804,284,81244.22135044643,TRAIL_STOP,43,54.32864955357218,0.6052818469486131
2024-12-19,SWING_L:79300.17@47,1,152,79320.07,79235.97964285714,79407.36035714287,79512.4328125,OR_HIGH,2.2037120570508195,10,RANGE,20,1,84.09035714286438,rejection,True,SWING_L,"[{'minute': 209, 'price': 79293.82, 'qty': 20, 'reason': 'STRUCTURE_INVALIDATED', 'net': -651.92}]",-579.5902917707008,72.33207737370623,-651.922369144407,209,79293.82,STRUCTURE_INVALIDATED,57,-26.25,-0.3121642111164168
2024-12-31,PDL:78077.13@49,1,155,78076.21,78007.3685267857,78142.1414732143,79095.613125,PDH,15.46155538928506,9,RANGE,20,1,68.84147321429919,rejection,True,PDL,"[{'minute': 159, 'price': 78007.3685267857, 'qty': 20, 'reason': 'STOP', 'net': -1115.0}]",-1043.9660655185355,71.0316714298621,-1114.9977369483977,159,78007.3685267857,STOP,4,-68.84147321429919,-1.0
2025-01-16,SWING_L:76969.19@63,1,210,77024.86,76958.86,77090.86,77319.5,OR_HIGH,4.464242424242415,11,BULL_TREND,20,1,66.0,rejection,True,SWING_L,"[{'minute': 220, 'price': 77090.86, 'qty': 10, 'reason': 'TP1', 'net': 378.45}, {'minute': 231, 'price': 77058.18321428572, 'qty': 10, 'reason': 'TRAIL_STOP', 'net': 129.33}]",628.8605523945387,121.08594378599886,507.7746086085398,231,77058.18321428572,TRAIL_STOP,21,33.32321428571595,0.5048971861472114
2025-01-20,SESSION_HIGH:77238.2@50,-1,183,77185.95,77276.46486607143,77095.50513392857,76855.95,SWING_L@39,3.6486316397372134,9,RANGE,20,1,90.51486607143306,rejection,True,SESSION_HIGH,"[{'minute': 236, 'price': 77234.25, 'qty': 20, 'reason': 'STRUCTURE_INVALIDATED', 'net': -951.3}]",-880.2466693755423,71.05053444826649,-951.2972038238088,236,77234.25,STRUCTURE_INVALIDATED,53,-48.30000000000291,-0.5336140028300459
2025-01-23,SWING_H:76626.52@48,-1,166,76558.77,76653.05107142858,76464.61892857142,76201.98718750001,OR_LOW,3.789471612870874,9,BULL_TREND,20,1,94.28107142857334,rejection,True,SWING_H,"[{'minute': 179, 'price': 76617.36, 'qty': 20, 'reason': 'STRUCTURE_INVALIDATED', 'net': -990.41}]",-919.6460910692508,70.76762643923388,-990.4137175084848,179,76617.36,STRUCTURE_INVALIDATED,13,-58.58999999999651,-0.621439692106001
2025-01-27,OR_LOW:75545.93@41,1,130,75550.73,75513.49892857143,75586.89107142857,75834.03093749999,OR_HIGH,7.834417684762087,10,TRANSITION,20,1,37.23107142857043,rejection,True,OR_LOW,"[{'minute': 131, 'price': 75513.49892857143, 'qty': 20, 'reason': 'STOP', 'net': -651.09}]",-580.0025695131706,71.08427465537007,-651.0868441685407,131,75513.49892857143,STOP,1,-37.23107142857043,-1.0
2025-01-29,SWING_H:76355.67@37,-1,139,76308.84,76392.14217633929,76225.24782366071,75983.82125,OR_LOW,3.8881479611299814,10,TRANSITION,20,1,83.30217633928987,rejection,True,SWING_H,"[{'minute': 154, 'price': 76392.14217633929, 'qty': 20, 'reason': 'STOP', 'net': -1349.86}]",-1279.8672037252027,69.99541386276196,-1349.8626175879647,154,76392.14217633929,STOP,15,-83.30217633928987,-1.0
2025-02-21,SWING_L:75223.37@97,1,298,75268.02,75192.02975446428,75344.69024553572,75422.05,SWING_H@66,2.008993174910949,8,BEAR_TREND,20,1,75.99024553572235,micro_bos,True,SWING_L,"[{'minute': 335, 'price': 75344.69024553572, 'qty': 10, 'reason': 'TP1', 'net': 420.64}, {'minute': 338, 'price': 75295.95857142856, 'qty': 10, 'reason': 'TRAIL_STOP', 'net': 67.2}]",608.3062143423967,120.46538240451915,487.8408319378776,338,75295.95857142856,TRAIL_STOP,40,27.938571428559953,0.36765997045536947
2025-02-24,SWING_L:74508.97@65,1,211,74554.44,74492.3475,74616.9825,74698.17,SWING_H@51,2.298117280249515,10,TRANSITION,20,1,62.092499999998836,rejection,True,SWING_L,"[{'minute': 249, 'price': 74492.3475, 'qty': 20, 'reason': 'STOP', 'net': -1102.94}]",-1033.0533127895842,69.88745062485359,-1102.9407634144377,249,74492.3475,STOP,38,-62.092499999998836,-1.0
2025-02-27,OR_LOW:74600.68@84,1,271,74638.1,74583.1725,74694.1775,74783.928125,PDH,2.600474789354046,10,RANGE,20,1,54.92750000000524,rejection+micro_bos,True,OR_LOW,"[{'minute': 359, 'price': 74602.79, 'qty': 20, 'reason': 'STRUCTURE_INVALIDATED', 'net': -849.07}]",-778.6699853041762,70.40206340243493,-849.0720487066111,359,74602.79,STRUCTURE_INVALIDATED,88,-35.310000000012224,-0.6428473897411835
2025-03-03,SWING_L:72929.61@23,1,83,72965.95,72875.83842075894,73054.44157924106,73383.56999999999,SWING_H@8,4.7193190988529095,9,TRANSITION,20,1,90.11157924105646,rejection,True,SWING_L,"[{'minute': 102, 'price': 72875.83842075894, 'qty': 20, 'reason': 'STOP', 'net': -1452.99}]",-1384.2977716255712,68.68958418318553,-1452.9873558087568,102,72875.83842075894,STOP,19,-90.11157924105646,-1.0
2025-03-05,SWING_H:73840.61@73,-1,246,73777.36,73872.95107142857,73683.07892857143,72892.736875,OR_LOW,9.382828510494626,10,TRANSITION,20,1,95.59107142857101,rejection,True,SWING_H,"[{'minute': 265, 'price': 73683.07892857143, 'qty': 10, 'reason': 'TP1', 'net': 571.71}, {'minute': 276, 'price': 73685.79107142857, 'qty': 10, 'reason': 'TRAIL_STOP', 'net': 538.11}]",1230.990880372442,121.16415678645961,1109.8267235859823,276,73685.79107142857,TRAIL_STOP,30,91.56892857143248,0.9579234462274647
2025-03-07,PDH:74390.8@51,-1,201,74365.52,74429.56446428572,74304.97553571429,74195.05,SWING_L@62,2.815616621786065,9,TRANSITION,20,1,64.04446428571828,rejection,True,PDH,"[{'minute': 203, 'price': 74429.56446428572, 'qty': 20, 'reason': 'STOP', 'net': -1037.19}]",-967.2356715701142,69.95093689377114,-1037.1866084638852,203,74429.56446428572,STOP,2,-64.04446428571828,-1.0
2025-03-10,OR_HIGH:74486.87@87,-1,268,74445.36,74513.20410714285,74377.24589285714,74156.27,OR_LOW,4.244201563028359,11,RANGE,20,1,67.84410714285332,rejection+micro_bos,True,OR_HIGH,"[{'minute': 272, 'price': 74377.24589285714, 'qty': 10, 'reason': 'TP1', 'net': 402.99}, {'minute': 280, 'price': 74390.41642857144, 'qty': 10, 'reason': 'TRAIL_STOP', 'net': 298.16}]",821.7508421444097,120.60179262493868,701.149049519471,280,74390.41642857144,TRAIL_STOP,12,54.94357142856461,0.809850313349615
2025-03-24,SWING_L:77914.89@93,1,289,77987.93,77898.31465959823,78078.79534040176,78169.66068080353,2.0R (no structural target),2.0,9,BULL_TREND,20,1,89.61534040176775,micro_bos,True,SWING_L,"[{'minute': 310, 'price': 78078.79534040176, 'qty': 10, 'reason': 'TP1', 'net': 541.23}, {'minute': 314, 'price': 78045.84716517857, 'qty': 10, 'reason': 'TRAIL_STOP', 'net': 299.49}]",962.7636082153958,122.04370749893228,840.7199007164635,314,78045.84716517857,TRAIL_STOP,25,57.91716517857276,0.6462862822248487
2025-04-02,SWING_H:76466.98@40,-1,132,76445.57,76531.87616071428,76360.02383928573,76064.1775,OR_LOW,4.45832398339698,10,TRANSITION,20,1,86.30616071427357,rejection,True,SWING_H,"[{'minute': 185, 'price': 76507.55, 'qty': 20, 'reason': 'STRUCTURE_INVALIDATED', 'net': -1145.49}]",-1075.0594144852414,70.4326873239589,-1145.4921018092002,185,76507.55,STRUCTURE_INVALIDATED,53,-61.979999999995925,-0.7181410861872053
2025-04-03,SWING_H:76423.82@29,-1,121,76359.07,76445.26196428572,76273.08803571429,76064.72750000001,PDL,3.423305136666778,9,TRANSITION,20,1,86.19196428571013,rejection,True,SWING_H,"[{'minute': 260, 'price': 76374.31, 'qty': 20, 'reason': 'STRUCTURE_INVALIDATED', 'net': -703.77}]",-632.5220689987668,71.25116660086299,-703.7732355996299,260,76374.31,STRUCTURE_INVALIDATED,139,-15.239999999990687,-0.17681462681918883
2025-05-14,SWING_L:81493.71@43,1,138,81503.96,81463.87464285715,81543.41535714286,81587.19,SWING_H@29,2.1094727313871995,10,TRANSITION,20,1,40.08535714285972,rejection,True,SWING_L,"[{'minute': 144, 'price': 81463.87464285715, 'qty': 20, 'reason': 'STOP', 'net': -711.74}]",-638.7985021082636,72.94124014816798,-711.7397422564316,144,81463.87464285715,STOP,6,-40.08535714285972,-1.0
2025-05-28,OR_LOW:81320.23@44,1,179,81337.66,81303.7075,81369.9625,81403.14000000001,SWING_H@53,2.0270876867124636,9,TRANSITION,20,1,33.95249999999942,rejection,True,OR_LOW,"[{'minute': 185, 'price': 81369.9625, 'qty': 10, 'reason': 'TP1', 'net': 139.78}, {'minute': 224, 'price': 81489.17964285714, 'qty': 10, 'reason': 'TRAIL_STOP', 'net': 939.49}]",1202.874626287271,123.6115168648851,1079.263109422386,224,81489.17964285714,TRAIL_STOP,45,151.5196428571362,4.462694731084274
2025-05-30,OR_LOW:81414.02@41,1,136,81471.6,81387.27607142857,81557.08392857143,81697.05093750001,OR_HIGH,2.637348812433553,9,TRANSITION,20,1,84.32392857143714,rejection,True,OR_LOW,"[{'minute': 145, 'price': 81387.27607142857, 'qty': 20, 'reason': 'STOP', 'net': -1354.77}]",-1283.0723651778385,71.69727832218517,-1354.7696435000237,145,81387.27607142857,STOP,9,-84.32392857143714,-1.0
2025-05-30,OR_LOW:81414.02@76,1,236,81426.76,81389.1375,81470.8925,81691.70093749999,OR_HIGH,6.003306803375154,9,TRANSITION,20,1,37.62249999999767,rejection,True,OR_LOW,"[{'minute': 249, 'price': 81389.1375, 'qty': 20, 'reason': 'STOP', 'net': -696.2}]",-623.2545350483656,72.94545396584493,-696.1999890142106,249,81389.1375,STOP,13,-37.62249999999767,-1.0
2025-06-02,OR_HIGH:81285.85@97,-1,306,81222.79,81300.49232142857,81145.08767857142,80688.77,OR_LOW,6.872638940277778,10,BULL_TREND,20,1,77.70232142857276,rejection+micro_bos,True,OR_HIGH,"[{'minute': 311, 'price': 81263.2, 'qty': 20, 'reason': 'STRUCTURE_INVALIDATED', 'net': -713.26}]",-640.4105146735515,72.84513478656501,-713.2556494601165,311,81263.2,STRUCTURE_INVALIDATED,5,-40.41000000000349,-0.5200616822902784
2025-06-09,SWING_H:82533.87@81,-1,256,82457.74,82550.78125,82371.26875,81133.53937500001,PDL,15.313767581710245,11,RANGE,20,1,93.04124999999476,rejection,True,SWING_H,"[{'minute': 312, 'price': 82371.26875, 'qty': 10, 'reason': 'TP1', 'net': 455.78}, {'minute': 348, 'price': 82456.08949330357, 'qty': 10, 'reason': 'TRAIL_STOP', 'net': -204.28}]",373.89294501108907,122.39525360637512,251.49769140471392,348,82456.08949330357,TRAIL_STOP,92,1.6505066964309663,0.01773951549910453
2025-06-25,SWING_L:82596.95@40,1,136,82650.97,82578.3781919643,82723.56180803571,83018.15625,PDH,5.058232601389133,11,TRANSITION,20,1,72.5918080357078,rejection,True,SWING_L,"[{'minute': 167, 'price': 82604.62, 'qty': 20, 'reason': 'STRUCTURE_INVALIDATED', 'net': -874.9}]",-801.8866130451829,73.00852631597974,-874.8951393611626,167,82604.62,STRUCTURE_INVALIDATED,31,-46.35000000000582,-0.6385017986768745
2025-06-25,SWING_L:82629.76@65,1,202,82652.6,82601.60071428571,82702.83928571429,83018.91625000001,PDH,7.291430297860551,10,TRANSITION,20,1,50.999285714293364,rejection+micro_bos,True,SWING_L,"[{'minute': 212, 'price': 82601.60071428571, 'qty': 20, 'reason': 'STOP', 'net': -881.07}]",-808.0769440372524,72.99721616230886,-881.0741601995612,212,82601.60071428571,STOP,10,-50.999285714293364,-1.0
2025-07-03,SWING_H:83756.25@26,-1,103,83690.99,83790.70345982144,83590.88654017857,83349.6165625,OR_LOW,3.4102061817739355,10,TRANSITION,20,1,99.71345982143248,rejection,True,SWING_H,"[{'minute': 113, 'price': 83788.61, 'qty': 20, 'reason': 'STRUCTURE_INVALIDATED', 'net': -1551.07}]",-1479.0167612069354,72.0564479160183,-1551.0732091229536,113,83788.61,STRUCTURE_INVALIDATED,10,-97.61999999999534,-0.9790052433724984
2025-07-09,SWING_H:83752.83@45,-1,183,83743.11,83765.67839285714,83721.35160714286,83665.89,SWING_L@36,3.548975354338291,9,TRANSITION,20,1,22.56839285713795,rejection,True,SWING_H,"[{'minute': 190, 'price': 83765.67839285714, 'qty': 20, 'reason': 'STOP', 'net': -465.86}]",-391.70705685460007,74.15499730410596,-465.86205415870603,190,83765.67839285714,STOP,7,-22.56839285713795,-1.0
2025-07-09,OR_HIGH:83697.83@76,-1,244,83713.94,83735.51785714286,83694.81214285715,83636.7,SWING_L@76,4.038089547780567,10,BULL_TREND,20,1,21.577857142852736,rejection,True,OR_HIGH,"[{'minute': 247, 'price': 83735.51785714286, 'qty': 20, 'reason': 'STOP', 'net': -439.95}]",-365.75189074396803,74.19502983126246,-439.9469205752305,247,83735.51785714286,STOP,3,-21.577857142852736,-1.0
2025-07-14,SWING_L:82100.49@80,1,269,82139.03,82057.42368861608,82219.93631138392,82538.5671875,OR_HIGH,4.938269717971542,10,TRANSITION,20,1,81.60631138391909,rejection,True,SWING_L,"[{'minute': 283, 'price': 82057.42368861608, 'qty': 20, 'reason': 'STOP', 'net': -1330.91}]",-1258.9461074111773,71.9642666836091,-1330.9103740947864,283,82057.42368861608,STOP,14,-81.60631138391909,-1.0
2025-07-16,OR_HIGH:82634.96@83,-1,257,82610.82,82660.63232142858,82565.84767857143,82513.43000000001,SWING_L@63,2.165554209930438,9,TRANSITION,20,1,49.81232142857334,rejection,True,OR_HIGH,"[{'minute': 260, 'price': 82565.84767857143, 'qty': 10, 'reason': 'TP1', 'net': 234.26}, {'minute': 263, 'price': 82609.53482142858, 'qty': 10, 'reason': 'TRAIL_STOP', 'net': -83.37}]",273.14065105835084,122.25303915013833,150.8876119082125,263,82609.53482142858,TRAIL_STOP,6,1.2851785714301514,0.02580041512967808
2025-07-24,SWING_L:82525.34@23,1,79,82568.3,82492.87734375,82649.52265625,82778.4421875,OR_HIGH,2.587236089068365,10,TRANSITION,20,1,75.42265624999709,rejection+micro_bos,True,SWING_L,"[{'minute': 109, 'price': 82492.87734375, 'qty': 20, 'reason': 'STOP', 'net': -1288.86}]",-1216.675647069958,72.18719566548828,-1288.862842735446,109,82492.87734375,STOP,30,-75.42265624999709,-1.0
2025-07-25,SWING_L:81584.06@68,1,214,81621.39,81560.13618861607,81682.37381138392,81765.08,SWING_H@45,2.3561990754465483,11,TRANSITION,20,1,61.253811383925495,rejection+micro_bos,True,SWING_L,"[{'minute': 221, 'price': 81560.13618861607, 'qty': 20, 'reason': 'STOP', 'net': -1018.35}]",-945.9559986295699,72.39213486536896,-1018.3481334949388,221,81560.13618861607,STOP,7,-61.253811383925495,-1.0
2025-07-30,SWING_H:81530.33@74,-1,272,81504.16,81547.86035714285,81461.36964285716,81408.20999999999,SWING_L@82,2.242327627219891,9,TRANSITION,20,1,43.70035714285041,rejection,True,SWING_H,"[{'minute': 285, 'price': 81547.86035714285, 'qty': 20, 'reason': 'STOP', 'net': -783.48}]",-710.6791261857302,72.80371386131954,-783.4828400470498,285,81547.86035714285,STOP,13,-43.70035714285041,-1.0
2025-08-04,OR_HIGH:80888.0@46,-1,154,80880.6,80926.76109933035,80831.19890066965,80779.72,SWING_L@47,2.042059819871712,9,TRANSITION,20,1,46.1610993303475,rejection,True,OR_HIGH,"[{'minute': 164, 'price': 80926.76109933035, 'qty': 20, 'reason': 'STOP', 'net': -809.48}]",-736.9351202762891,72.54716234581802,-809.4822826221072,164,80926.76109933035,STOP,10,-46.1610993303475,-1.0
2025-08-06,OR_LOW:80669.99@80,1,265,80704.89,80647.15357142857,80767.10642857142,80829.9496875,OR_HIGH,2.010074997417063,12,BULL_TREND,20,1,57.736428571428405,micro_bos,True,OR_LOW,"[{'minute': 267, 'price': 80647.15357142857, 'qty': 20, 'reason': 'STOP', 'net': -952.79}]",-880.5745443011119,72.2140803636722,-952.7886246647842,267,80647.15357142857,STOP,2,-57.736428571428405,-1.0
2025-08-18,OR_HIGH:81619.59@22,-1,79,81598.13,81675.69410714286,81516.16589285714,81320.18906250001,OR_LOW,3.3910079324788547,11,TRANSITION,20,1,77.56410714285448,rejection,True,OR_HIGH,"[{'minute': 111, 'price': 81516.16589285714, 'qty': 10, 'reason': 'TP1', 'net': 458.82}, {'minute': 120, 'price': 81568.7657142857, 'qty': 10, 'reason': 'TRAIL_STOP', 'net': 68.78}]",650.2332190615732,122.63983321905798,527.5933858425152,120,81568.7657142857,TRAIL_STOP,41,29.364285714298603,0.37858085132362357
2025-08-20,SWING_H:81869.54@82,-1,253,81810.4,81899.28717633929,81721.8628236607,81497.4,OR_LOW,3.5352381106048316,10,TRANSITION,20,1,88.88717633929627,rejection+micro_bos,True,SWING_H,"[{'minute': 275, 'price': 81899.28717633929, 'qty': 20, 'reason': 'STOP', 'net': -1457.71}]",-1386.097232591295,71.61215563646272,-1457.7093882277577,275,81899.28717633929,STOP,22,-88.88717633929627,-1.0
2025-09-01,OR_HIGH:80158.2@16,-1,60,80108.89,80199.98733258928,80017.79266741071,79818.3828125,OR_LOW,3.18897578274614,10,TRANSITION,20,1,91.09733258928463,rejection+micro_bos,True,OR_HIGH,"[{'minute': 92, 'price': 80149.19, 'qty': 20, 'reason': 'STRUCTURE_INVALIDATED', 'net': -785.9}]",-713.5628512864423,72.33659568469024,-785.8994469711325,92,80149.19,STRUCTURE_INVALIDATED,32,-40.30000000000291,-0.4423839738721748
2025-09-02,SWING_L:80645.27@27,1,109,80718.44,80620.74071428573,80818.33928571428,80918.23857142855,2.0R (no structural target),2.0,9,TRANSITION,20,1,97.6992857142759,micro_bos,True,SWING_L,"[{'minute': 128, 'price': 80666.79, 'qty': 20, 'reason': 'STRUCTURE_INVALIDATED', 'net': -913.34}]",-841.0452134749244,72.29422937469091,-913.3394428496152,128,80666.79,STRUCTURE_INVALIDATED,19,-51.65000000000873,-0.5286630257570204
2025-09-02,SWING_L:80684.92@65,1,205,80760.78,80665.24071428571,80854.66928571429,80948.55857142858,2.0R (no structural target),2.0,9,RANGE,20,1,95.53928571428696,rejection+micro_bos,True,SWING_L,"[{'minute': 233, 'price': 80680.07, 'qty': 20, 'reason': 'STRUCTURE_INVALIDATED', 'net': -1355.57}]",-1284.1128620710822,71.46012551666661,-1355.5729875877487,233,80680.07,STRUCTURE_INVALIDATED,28,-80.70999999999185,-0.8447833725841062
2025-09-09,OR_LOW:81020.0@60,1,187,81051.47,81002.30854910714,81101.08145089286,81161.6203125,OR_HIGH,2.2202598496440586,10,RANGE,20,1,49.16145089286147,rejection+micro_bos,True,OR_LOW,"[{'minute': 213, 'price': 81101.08145089286, 'qty': 10, 'reason': 'TP1', 'net': 235.81}, {'minute': 220, 'price': 81058.3892857143, 'qty': 10, 'reason': 'TRAIL_STOP', 'net': -80.26}]",277.3001662748868,121.74512029530904,155.55504597957776,220,81058.3892857143,TRAIL_STOP,33,6.919285714291618,0.14074616571774815
2025-09-10,SWING_H:81411.37@100,-1,310,81336.21,81428.74036272323,81243.05963727678,80928.58875000001,PDL,4.375949143763678,9,RANGE,20,1,92.5303627232206,micro_bos,True,SWING_H,"[{'minute': 328, 'price': 81243.05963727678, 'qty': 10, 'reason': 'TP1', 'net': 559.15}, {'minute': 330, 'price': 81308.55845982143, 'qty': 10, 'reason': 'TRAIL_STOP', 'net': 86.57}]",768.5054734004973,122.77957641523815,645.7258969852592,330,81308.55845982143,TRAIL_STOP,20,27.65154017857276,0.29883747739414807
2025-09-16,SWING_H:82148.91@27,-1,104,82095.22,82167.35767857142,82023.08232142858,81779.9375,OR_LOW,4.370566204010002,9,TRANSITION,20,1,72.13767857142375,rejection,True,SWING_H,"[{'minute': 128, 'price': 82117.11, 'qty': 20, 'reason': 'STRUCTURE_INVALIDATED', 'net': -502.92}]",-429.38095603039073,73.53771001032474,-502.9186660407155,128,82117.11,STRUCTURE_INVALIDATED,24,-21.889999999999418,-0.30344752469856734
2025-09-17,SWING_L:82612.35@32,1,115,82688.86,82589.76785714286,82789.36214285715,82889.8642857143,2.0R (no structural target),2.0,8,TRANSITION,20,1,99.09214285714552,rejection,True,SWING_L,"[{'minute': 128, 'price': 82657.19, 'qty': 20, 'reason': 'STRUCTURE_INVALIDATED', 'net': -612.51}]",-538.9898500373783,73.52429321856295,-612.5141432559412,128,82657.19,STRUCTURE_INVALIDATED,13,-31.669999999998254,-0.31960152527587143
2025-09-17,SWING_L:82666.19@58,1,200,82726.1,82648.61951450893,82798.79048549107,82871.48097098214,2.0R (no structural target),2.0,10,RANGE,20,1,77.48048549107625,micro_bos,True,SWING_L,"[{'minute': 257, 'price': 82704.15, 'qty': 20, 'reason': 'TIME_EXIT', 'net': -600.04}]",-526.4829483611675,73.56055381640088,-600.0435021775684,257,82704.15,TIME_EXIT,57,-21.95000000001164,-0.28329714070441275
2025-09-19,SWING_L:82633.6@17,1,75,82705.13,82608.46352678572,82805.90647321429,82974.5228125,OR_HIGH,2.6731716630644673,10,TRANSITION,20,1,96.66647321428172,rejection,True,SWING_L,"[{'minute': 79, 'price': 82608.46352678572, 'qty': 20, 'reason': 'STOP', 'net': -1518.88}]",-1447.0836534206842,71.79142083815549,-1518.8750742588397,79,82608.46352678572,STOP,4,-96.66647321428172,-1.0
2025-09-19,SWING_L:82508.69@73,1,226,82590.12,82496.08857142857,82682.21142857142,82980.5728125,OR_HIGH,4.239838805380018,11,TRANSITION,20,1,94.03142857142666,micro_bos,True,SWING_L,"[{'minute': 253, 'price': 82682.21142857142, 'qty': 10, 'reason': 'TP1', 'net': 537.65}, {'minute': 261, 'price': 82684.49535714285, 'qty': 10, 'reason': 'TRAIL_STOP', 'net': 542.51}]",1204.1942085889127,124.02839505255761,1080.165813536355,261,82684.49535714285,TRAIL_STOP,35,94.37535714285332,1.00365759168665
2025-09-22,OR_HIGH:82467.75@36,-1,116,82443.31,82499.98142857142,82386.97857142857,82150.7303125,OR_LOW,5.193897881162313,11,TRANSITION,20,1,56.67142857142608,rejection+micro_bos,True,OR_HIGH,"[{'minute': 136, 'price': 82386.97857142857, 'qty': 10, 'reason': 'TP1', 'net': 291.38}, {'minute': 145, 'price': 82417.61464285714, 'qty': 10, 'reason': 'TRAIL_STOP', 'net': 58.73}]",472.6896697802499,122.579594433404,350.1100753468459,145,82417.61464285714,TRAIL_STOP,29,25.695357142860303,0.4534093773633225
2025-09-22,OR_HIGH:82467.75@80,-1,250,82398.37,82496.73732142858,82296.32267857142,82154.7503125,OR_LOW,2.3873207458024197,8,BULL_TREND,20,1,98.36732142858091,micro_bos,True,OR_HIGH,"[{'minute': 312, 'price': 82296.32267857142, 'qty': 10, 'reason': 'TP1', 'net': 558.96}, {'minute': 334, 'price': 82088.11516741071, 'qty': 10, 'reason': 'TRAIL_STOP', 'net': 2020.59}]",2706.3884910314337,126.84042850957503,2579.5480625218584,334,82088.11516741071,TRAIL_STOP,84,310.2548325892858,3.1540437218730686
2025-09-24,OR_LOW:81721.62@45,1,146,81749.78,81690.64387834822,81808.76612165179,81901.97,SWING_H@20,2.5800984322790406,10,TRANSITION,20,1,59.13612165178347,rejection,True,OR_LOW,"[{'minute': 177, 'price': 81808.76612165179, 'qty': 10, 'reason': 'TP1', 'net': 295.29}, {'minute': 198, 'price': 81805.09964285714, 'qty': 10, 'reason': 'TRAIL_STOP', 'net': 239.07}]",657.0715523162551,122.70309350164976,534.3684588146052,198,81805.09964285714,TRAIL_STOP,52,55.319642857139115,0.9354628154832799
2025-09-26,OR_LOW:80830.02@71,1,220,80856.57,80788.00357142856,80925.33642857145,81032.89375,OR_HIGH,2.564096371775543,12,BULL_TREND,20,1,68.5664285714447,rejection+micro_bos,True,OR_LOW,"[{'minute': 237, 'price': 80788.00357142856, 'qty': 20, 'reason': 'STOP', 'net': -1150.56}]",-1078.6749773176462,71.88506088356516,-1150.5600382012112,237,80788.00357142856,STOP,17,-68.5664285714447,-1.0
2025-09-30,SWING_L:80373.46@35,1,112,80437.86,80335.39209821429,80540.40790178571,80677.7403125,OR_HIGH,2.3392025416693123,9,TRANSITION,20,1,102.46790178571246,rejection+micro_bos,True,SWING_L,"[{'minute': 158, 'price': 80335.39209821429, 'qty': 20, 'reason': 'STOP', 'net': -1717.54}]",-1646.877856433631,70.65889615693857,-1717.5367525905694,158,80335.39209821429,STOP,46,-102.46790178571246,-1.0
2025-09-30,SWING_L:80396.94@76,1,241,80473.54,80371.72392857143,80574.12607142856,80679.0503125,OR_HIGH,2.0431289300919806,9,TRANSITION,20,1,101.81607142856228,rejection,True,SWING_L,"[{'minute': 253, 'price': 80371.72392857143, 'qty': 20, 'reason': 'STOP', 'net': -1612.89}]",-1542.015597140554,70.87142543726392,-1612.887022577818,253,80371.72392857143,STOP,12,-101.81607142856228,-1.0
2025-10-01,OR_HIGH:80410.25@16,-1,65,80439.93,80509.03690848214,80370.82309151784,80299.51,SWING_L@17,2.031924203877066,9,TRANSITION,20,1,69.10690848215017,rejection,True,OR_HIGH,"[{'minute': 76, 'price': 80509.03690848214, 'qty': 20, 'reason': 'STOP', 'net': -1140.87}]",-1069.1029982825773,71.7655460545476,-1140.868544337125,76,80509.03690848214,STOP,11,-69.10690848215017,-1.0
2025-10-03,SWING_H:80991.27@64,-1,215,80976.0,81018.92000558037,80933.52999441963,80874.51000000001,SWING_L@66,2.3896865237734075,11,TRANSITION,20,1,42.920005580366706,rejection,True,SWING_H,"[{'minute': 228, 'price': 80933.52999441963, 'qty': 10, 'reason': 'TP1', 'net': 203.01}, {'minute': 230, 'price': 80973.99217857143, 'qty': 10, 'reason': 'TRAIL_STOP', 'net': -90.0}]",234.6544302354721,121.63852088428894,113.01590935118315,230,80973.99217857143,TRAIL_STOP,15,2.007821428574971,0.04678054910350308
2025-10-03,SWING_H:80993.62@84,-1,273,81000.28,81017.79,80984.39,80947.47,SWING_L@88,3.323473882945224,9,RANGE,20,1,17.50999999999476,rejection,True,SWING_H,"[{'minute': 273, 'price': 80984.39, 'qty': 10, 'reason': 'TP1', 'net': 30.73}, {'minute': 278, 'price': 80998.69099999999, 'qty': 10, 'reason': 'TRAIL_STOP', 'net': -78.9}]",73.16359614904741,121.33743092988401,-48.1738347808366,278,80998.69099999999,TRAIL_STOP,5,1.5890000000072177,0.09074814391820063
2025-10-03,OR_HIGH:80948.75@99,-1,304,80926.42,80996.81267857143,80849.48732142858,80656.1103125,OR_LOW,3.513587366505863,9,BULL_TREND,20,1,70.3926785714284,rejection+micro_bos,True,OR_HIGH,"[{'minute': 313, 'price': 80996.81267857143, 'qty': 20, 'reason': 'STOP', 'net': -1154.29}]",-1082.386896141113,71.90106413003654,-1154.2879602711496,313,80996.81267857143,STOP,9,-70.3926785714284,-1.0
2025-10-10,SWING_L:82491.08@31,1,109,82558.44,82455.69267857143,82660.38732142857,82762.33464285714,2.0R (no structural target),2.0,8,TRANSITION,20,1,102.74732142857101,rejection,True,SWING_L,"[{'minute': 134, 'price': 82501.4, 'qty': 20, 'reason': 'STRUCTURE_INVALIDATED', 'net': -1010.78}]",-938.0601321301174,72.71725392077153,-1010.7773860508889,134,82501.4,STRUCTURE_INVALIDATED,25,-57.04000000000815,-0.5551482920132553
2025-10-24,OR_LOW:84392.15@57,1,188,84408.23,84353.20660714286,84464.57339285714,84706.12,OR_HIGH,5.287044050671056,11,RANGE,20,1,55.0233928571397,rejection,True,OR_LOW,"[{'minute': 188, 'price': 84464.57339285714, 'qty': 10, 'reason': 'TP1', 'net': 319.33}, {'minute': 193, 'price': 84427.67571428572, 'qty': 10, 'reason': 'TRAIL_STOP', 'net': 47.35}]",489.9506508010927,123.26269099726721,366.6879598038255,193,84427.67571428572,TRAIL_STOP,5,19.445714285728172,0.353408128361262
2025-10-29,SWING_L:84940.29@63,1,225,85014.02,84919.44,85109.41,85204.8,2.0R (no structural target),2.0,11,BULL_TREND,20,1,94.58000000000175,rejection,True,SWING_L,"[{'minute': 284, 'price': 85009.69, 'qty': 20, 'reason': 'STRUCTURE_INVALIDATED', 'net': -359.82}]",-285.0379905974273,74.77963719414423,-359.81762779157157,284,85009.69,STRUCTURE_INVALIDATED,59,-4.330000000001746,-0.04578134912245365
2025-11-03,OR_HIGH:83951.89@47,-1,148,83892.34,83977.78714285715,83806.89285714284,83677.32,OR_LOW,2.5164094762003164,12,TRANSITION,20,1,85.447142857156,rejection+micro_bos,True,OR_HIGH,"[{'minute': 179, 'price': 83806.89285714284, 'qty': 10, 'reason': 'TP1', 'net': 482.96}, {'minute': 186, 'price': 83867.955, 'qty': 10, 'reason': 'TRAIL_STOP', 'net': 34.79}]",641.1327347654401,123.38140844787878,517.7513263175613,186,83867.955,TRAIL_STOP,38,24.38499999999476,0.28538110444207293
2025-11-12,SWING_L:84452.47@35,1,120,84512.05,84420.3294642857,84602.62053571429,84693.19107142858,2.0R (no structural target),2.0,11,TRANSITION,20,1,91.72053571429569,rejection+micro_bos,True,SWING_L,"[{'minute': 202, 'price': 84602.62053571429, 'qty': 10, 'reason': 'TP1', 'net': 443.96}, {'minute': 217, 'price': 84584.13714285714, 'qty': 10, 'reason': 'TRAIL_STOP', 'net': 289.3}]",857.2617385111016,124.00013738264983,733.2616011284517,217,84584.13714285714,TRAIL_STOP,97,72.08714285714086,0.7859433255131463
2025-11-17,SWING_L:84706.47@30,1,114,84716.02,84669.16517857143,84763.40482142857,84811.74,SWING_H@22,2.02005615119385,8,TRANSITION,20,1,46.85482142856927,rejection,True,SWING_L,"[{'minute': 133, 'price': 84669.16517857143, 'qty': 20, 'reason': 'STOP', 'net': -850.76}]",-777.0244619076561,73.73929896973323,-850.7637608773894,133,84669.16517857143,STOP,19,-46.85482142856927,-1.0
2025-11-19,PDH:85042.41@82,-1,278,85023.01,85057.38357142858,84988.63642857141,84941.33,SWING_L@89,2.3762442075502217,8,RANGE,20,1,34.37357142858673,rejection,True,PDH,"[{'minute': 291, 'price': 85057.38357142858, 'qty': 20, 'reason': 'STOP', 'net': -654.43}]",-580.210453925406,74.21759813665088,-654.4280520620568,291,85057.38357142858,STOP,13,-34.37357142858673,-1.0
2025-11-24,OR_LOW:85291.37@70,1,225,85309.03,85267.39732142858,85349.72267857142,85451.3,OR_HIGH,3.496206320021827,9,BEAR_TREND,20,1,41.63267857141909,rejection,True,OR_LOW,"[{'minute': 231, 'price': 85267.39732142858, 'qty': 20, 'reason': 'STOP', 'net': -738.12}]",-663.9636735929776,74.15190360711121,-738.1155772000888,231,85267.39732142858,STOP,6,-41.63267857141909,-1.0
2025-11-25,OR_HIGH:85032.34@26,-1,86,85017.16,85076.9625,84955.8175,84878.56000000001,SWING_L@11,2.2594449199167608,10,TRANSITION,20,1,59.80249999999069,rejection,True,OR_HIGH,"[{'minute': 91, 'price': 84955.8175, 'qty': 10, 'reason': 'TP1', 'net': 347.51}, {'minute': 120, 'price': 84833.21821428572, 'qty': 10, 'reason': 'TRAIL_STOP', 'net': 1183.79}]",1656.9969905519463,125.69808052288687,1531.2989100290595,120,84833.21821428572,TRAIL_STOP,34,183.94178571428347,3.0758210060501168
2025-11-28,SWING_H:85868.51@50,-1,181,85816.9,85884.24,85743.62999999999,85583.75,OR_LOW,3.182066330012027,11,BEAR_TREND,20,1,67.34000000001106,rejection,True,SWING_H,"[{'minute': 212, 'price': 85743.62999999999, 'qty': 10, 'reason': 'TP1', 'net': 393.73}, {'minute': 221, 'price': 85773.82428571429, 'qty': 10, 'reason': 'TRAIL_STOP', 'net': 163.72}]",681.5420573178824,124.09546277543626,557.4465945424461,221,85773.82428571429,TRAIL_STOP,40,43.075714285703725,0.6396749968175921
2025-12-01,PDH:85969.89@26,-1,88,85925.43,86009.04089285714,85840.35910714285,85579.28,PDL,4.06895929235496,10,TRANSITION,20,1,83.61089285714843,rejection,True,PDH,"[{'minute': 96, 'price': 85840.35910714285, 'qty': 10, 'reason': 'TP1', 'net': 512.71}, {'minute': 118, 'price': 85843.51892857143, 'qty': 10, 'reason': 'TRAIL_STOP', 'net': 457.09}]",1094.7212316432535,124.92226714764541,969.7989644956082,118,85843.51892857143,TRAIL_STOP,30,81.91107142856345,0.9796698567555165
2025-12-03,OR_LOW:84932.2@58,1,183,84964.94,84898.26392857142,85030.53607142858,85270.76,OR_HIGH,4.662169446122772,10,BULL_TREND,20,1,66.67607142857742,rejection,True,OR_LOW,"[{'minute': 199, 'price': 84898.26392857142, 'qty': 20, 'reason': 'STOP', 'net': -1126.57}]",-1053.2807297815725,73.29284513489426,-1126.573574916467,199,84898.26392857142,STOP,16,-66.67607142857742,-1.0
2025-12-03,SWING_L:84870.45@84,1,259,84931.96,84859.01892857143,85005.51107142858,85269.06999999999,OR_HIGH,4.583345877256736,9,TRANSITION,20,1,72.94107142857683,micro_bos,True,SWING_L,"[{'minute': 271, 'price': 84859.01892857143, 'qty': 20, 'reason': 'STOP', 'net': -1204.55}]",-1131.4127036679633,73.13237567528881,-1204.5450793432522,271,84859.01892857143,STOP,12,-72.94107142857683,-1.0
2025-12-09,SWING_H:84736.36@49,-1,166,84745.96,84782.65785714285,84712.07214285716,84628.1,SWING_L@51,3.4779419513950134,9,RANGE,20,1,36.69785714284808,rejection,True,SWING_H,"[{'minute': 168, 'price': 84782.65785714285, 'qty': 20, 'reason': 'STOP', 'net': -654.9}]",-580.7703349368967,74.12486976687767,-654.8952047037743,168,84782.65785714285,STOP,2,-36.69785714284808,-1.0
2025-12-09,PDL:84875.59@62,1,196,84908.27,84844.05428571429,84972.79571428572,85722.66,PDH,12.621169854764215,12,BULL_TREND,20,1,64.2157142857177,rejection,True,PDL,"[{'minute': 203, 'price': 84844.05428571429, 'qty': 20, 'reason': 'STOP', 'net': -1064.56}]",-991.1664254406082,73.39299491589651,-1064.5594203565047,203,84844.05428571429,STOP,7,-64.2157142857177,-1.0
2025-12-15,SESSION_HIGH:85239.09@63,-1,222,85181.07,85251.24017857143,85110.89982142858,84956.74,PDL,3.196942127939156,10,TRANSITION,20,1,70.17017857142491,rejection,True,SESSION_HIGH,"[{'minute': 230, 'price': 85237.58, 'qty': 20, 'reason': 'STRUCTURE_INVALIDATED', 'net': -957.31}]",-883.6209094007245,73.68910701787998,-957.3100164186045,230,85237.58,STRUCTURE_INVALIDATED,8,-56.50999999999476,-0.8053278636376033
2025-12-16,SWING_L:84749.53@35,1,135,84803.73,84725.25214285713,84882.20785714286,85059.96,OR_HIGH,3.2649974060016467,9,TRANSITION,20,1,78.47785714286147,rejection,True,SWING_L,"[{'minute': 140, 'price': 84725.25214285713, 'qty': 20, 'reason': 'STOP', 'net': -1263.1}]",-1190.1220408159907,72.97757301041403,-1263.0996138264047,140,84725.25214285713,STOP,5,-78.47785714286147,-1.0
2025-12-16,SWING_L:84737.26@57,1,191,84783.09,84717.68857142857,84846.48142857142,85061.97,OR_HIGH,4.399332942714368,10,BEAR_TREND,20,1,65.401428571422,rejection+micro_bos,True,SWING_L,"[{'minute': 266, 'price': 84846.48142857142, 'qty': 10, 'reason': 'TP1', 'net': 258.87}, {'minute': 281, 'price': 84846.0067857143, 'qty': 10, 'reason': 'TRAIL_STOP', 'net': 233.3}]",615.8002241412999,123.62760494505986,492.17261919624,281,84846.0067857143,TRAIL_STOP,90,62.91678571430384,0.9620093488568864
2025-12-22,SWING_L:85383.44@25,1,105,85444.95,85361.11214285715,85528.60785714285,85612.2657142857,2.0R (no structural target),2.0,10,TRANSITION,20,1,83.8378571428475,rejection,True,SWING_L,"[{'minute': 121, 'price': 85361.11214285715, 'qty': 20, 'reason': 'STOP', 'net': -1373.43}]",-1300.4532582272918,72.97851448828546,-1373.4317727155774,121,85361.11214285715,STOP,16,-83.8378571428475,-1.0
2025-12-31,SWING_L:85279.57@81,1,253,85317.02,85251.3125,85384.4875,85451.955,2.0R (no structural target),2.0,12,BULL_TREND,20,1,65.70750000000407,rejection,True,SWING_L,"[{'minute': 284, 'price': 85384.4875, 'qty': 10, 'reason': 'TP1', 'net': 352.61}, {'minute': 286, 'price': 85329.20285714287, 'qty': 10, 'reason': 'TRAIL_STOP', 'net': -46.86}]",429.19412281054974,123.44704773544991,305.7470750750998,286,85329.20285714287,TRAIL_STOP,33,12.182857142863213,0.18541044999219963
2026-01-02,SWING_H:85671.31@87,-1,290,85641.49,85696.00089285715,85587.38910714285,85101.11000000002,PDL,9.988374894787649,9,TRANSITION,20,1,54.51089285714261,micro_bos,True,SWING_H,"[{'minute': 308, 'price': 85688.9, 'qty': 20, 'reason': 'STRUCTURE_INVALIDATED', 'net': -857.18}]",-783.1440568224411,74.03375888922741,-857.1778157116686,308,85688.9,STRUCTURE_INVALIDATED,18,-47.40999999998894,-0.8697344239845224
2026-01-06,PDL:85315.33@13,1,74,85261.99,85234.06696428572,85292.48303571428,85329.22,OR_HIGH,2.2047657251956494,10,TRANSITION,20,1,27.92303571428056,micro_bos,True,PDL,"[{'minute': 81, 'price': 85234.06696428572, 'qty': 20, 'reason': 'STOP', 'net': -544.39}]",-469.88165443196976,74.5078492485016,-544.3895036804713,81,85234.06696428572,STOP,7,-27.92303571428056,-1.0
2026-01-12,SWING_L:82954.24@55,1,173,82978.23,82918.74607142857,83038.45392857143,83191.01,SWING_H@32,3.5331471235328245,9,BEAR_TREND,20,1,59.48392857142608,rejection+micro_bos,True,SWING_L,"[{'minute': 178, 'price': 83038.45392857143, 'qty': 10, 'reason': 'TP1', 'net': 340.57}, {'minute': 225, 'price': 83594.47785714285, 'qty': 10, 'reason': 'TRAIL_STOP', 'net': 4260.3}]",4731.782611772397,130.90923294097524,4600.873378831422,225,83594.47785714285,TRAIL_STOP,52,616.247857142851,10.359905136441746
2026-01-13,OR_LOW:83769.5@23,1,91,83798.77,83726.95017857142,83871.70982142858,83961.19,PDH,2.2267671735259675,9,TRANSITION,20,1,71.81982142858033,rejection,True,OR_LOW,"[{'minute': 95, 'price': 83871.70982142858, 'qty': 10, 'reason': 'TP1', 'net': 432.79}, {'minute': 107, 'price': 83802.99660714286, 'qty': 10, 'reason': 'TRAIL_STOP', 'net': -77.54}]",478.28886758190947,123.03874014177676,355.2501274401327,107,83802.99660714286,TRAIL_STOP,16,4.226607142860303,0.058850148312654345
2026-01-14,OR_HIGH:83664.6@72,-1,228,83620.86,83701.10982142857,83539.43017857142,83289.31000000001,OR_LOW,4.07160416397055,11,TRANSITION,20,1,80.24982142857334,rejection+micro_bos,True,OR_HIGH,"[{'minute': 235, 'price': 83701.10982142857, 'qty': 20, 'reason': 'STOP', 'net': -1293.09}]",-1220.5600517929133,72.52797942019212,-1293.0880312131055,235,83701.10982142857,STOP,7,-80.24982142857334,-1.0
2026-02-10,SWING_H:84400.13@38,-1,131,84357.19,84420.18035714286,84294.35964285715,84063.31,OR_LOW,4.677356828194061,11,TRANSITION,20,1,62.99035714285856,rejection+micro_bos,True,SWING_H,"[{'minute': 188, 'price': 84369.65, 'qty': 20, 'reason': 'TIME_EXIT', 'net': -468.61}]",-394.26118726178174,74.3532647800736,-468.6144520418553,188,84369.65,TIME_EXIT,57,-12.459999999991851,-0.19780805452068287
2026-02-20,SWING_L:82857.08@94,1,293,82909.45,82820.25178571428,83000.91821428572,83129.81,SESSION_HIGH,2.409142910690923,10,TRANSITION,20,1,89.19821428571595,rejection,True,SWING_L,"[{'minute': 303, 'price': 83000.91821428572, 'qty': 10, 'reason': 'TP1', 'net': 557.46}, {'minute': 309, 'price': 82965.00857142857, 'qty': 10, 'reason': 'TRAIL_STOP', 'net': 291.25}]",972.3980272781023,123.69033961867575,848.7076876594266,309,82965.00857142857,TRAIL_STOP,16,55.55857142856985,0.62286640908087
2026-03-04,OR_HIGH:78928.92@86,-1,268,78957.34,79031.97607142857,78881.06392857143,78721.83,SWING_L@69,3.0876000243476893,9,RANGE,20,1,74.63607142856927,rejection,True,OR_HIGH,"[{'minute': 269, 'price': 79031.97607142857, 'qty': 20, 'reason': 'STOP', 'net': -1190.76}]",-1119.5840000004534,71.1784299826766,-1190.76242998313,269,79031.97607142857,STOP,1,-74.63607142856927,-1.0
2026-03-17,SWING_L:75591.5@57,1,178,75600.85,75508.31553571428,75693.72446428573,75804.93000000001,PDH,2.197374720484716,11,TRANSITION,20,1,92.53446428572352,rejection+micro_bos,True,SWING_L,"[{'minute': 182, 'price': 75508.31553571428, 'qty': 20, 'reason': 'STOP', 'net': -1452.3}]",-1382.7307199049903,69.56428972118195,-1452.2950096261723,182,75508.31553571428,STOP,4,-92.53446428572352,-1.0
2026-04-10,PDH:77429.33@25,-1,109,77373.82,77474.075,77274.16500000001,77121.59000000001,SWING_L@16,2.53103206060909,9,TRANSITION,20,1,100.2549999999901,rejection,True,PDH,"[{'minute': 134, 'price': 77274.16500000001, 'qty': 10, 'reason': 'TP1', 'net': 599.37}, {'minute': 137, 'price': 77344.02035714286, 'qty': 10, 'reason': 'TRAIL_STOP', 'net': 94.33}]",815.2592529004255,121.55819114584278,693.7010617545827,137,77344.02035714286,TRAIL_STOP,28,29.799642857149593,0.29723847047182217
2026-04-20,SWING_L:78874.91@67,1,220,78918.53,78835.34767857143,79001.97232142856,79085.41464285713,2.0R (no structural target),2.0,9,TRANSITION,20,1,83.18232142856868,micro_bos,True,SWING_L,"[{'minute': 225, 'price': 78835.34767857143, 'qty': 20, 'reason': 'STOP', 'net': -1324.32}]",-1253.4072757787465,70.90942860359685,-1324.3167043823432,225,78835.34767857143,STOP,5,-83.18232142856868,-1.0
2026-04-27,OR_HIGH:77210.85@23,-1,97,77203.2,77249.14571428571,77156.73428571428,77031.86,SWING_L@28,3.68745003996768,9,TRANSITION,20,1,45.94571428571362,rejection,True,OR_HIGH,"[{'minute': 98, 'price': 77249.14571428571, 'qty': 20, 'reason': 'STOP', 'net': -777.61}]",-706.2255489188476,71.38934902690107,-777.6148979457487,98,77249.14571428571,STOP,1,-45.94571428571362,-1.0
2026-04-28,OR_LOW:76973.54@80,1,253,77061.91,76957.20982142857,77164.46017857143,77337.52,OR_HIGH,2.6875623605865218,11,TRANSITION,20,1,104.7001785714383,rejection+micro_bos,True,OR_LOW,"[{'minute': 255, 'price': 76957.20982142857, 'qty': 20, 'reason': 'STOP', 'net': -1622.93}]",-1553.2054209184525,69.72133402014924,-1622.9267549386018,255,76957.20982142857,STOP,2,-104.7001785714383,-1.0
2026-05-04,SWING_L:77549.54@27,1,108,77556.36,77510.95910714286,77605.24089285714,77700.51000000001,SWING_H@31,2.9490050523690234,9,TRANSITION,20,1,45.400892857142026,rejection,True,SWING_L,"[{'minute': 111, 'price': 77559.81846428571, 'qty': 20, 'reason': 'TRAIL_STOP', 'net': -74.71}]",-1.856410621633131,72.85447452846778,-74.7108851501009,111,77559.81846428571,TRAIL_STOP,3,3.4584642857080325,0.07617612932394083
2026-05-04,PDH:77254.33@80,-1,278,77219.13,77302.72696428571,77136.58303571428,76938.49,SESSION_LOW,3.3997616075694497,12,BEAR_TREND,20,1,83.59696428570896,rejection,True,PDH,"[{'minute': 282, 'price': 77136.58303571428, 'qty': 10, 'reason': 'TP1', 'net': 505.08}, {'minute': 296, 'price': 77209.55678571429, 'qty': 10, 'reason': 'TRAIL_STOP', 'net': -37.12}]",589.0261360230136,121.07396403088404,467.95217199212954,296,77209.55678571429,TRAIL_STOP,18,9.573214285715949,0.11451629096240407
2026-05-08,SWING_H:77337.99@88,-1,283,77269.9,77356.24982142857,77179.52017857142,77089.14035714284,2.0R (no structural target),2.0,9,RANGE,20,1,86.34982142857916,rejection,True,SWING_H,"[{'minute': 284, 'price': 77179.52017857142, 'qty': 10, 'reason': 'TP1', 'net': 565.27}, {'minute': 290, 'price': 77226.55678571427, 'qty': 10, 'reason': 'TRAIL_STOP', 'net': 219.85}]",906.8129510006588,121.69906147308836,785.1138895275704,290,77226.55678571427,TRAIL_STOP,7,43.34321428572002,0.5019490899766325
2026-05-11,SWING_H:76465.93@58,-1,203,76381.69,76483.46107142857,76280.71892857144,76164.77,SESSION_LOW,2.148338102497735,9,BULL_TREND,20,1,101.77107142856403,rejection,True,SWING_H,"[{'minute': 209, 'price': 76483.46107142857, 'qty': 20, 'reason': 'STOP', 'net': -1590.91}]",-1521.3542427043785,69.55726522195609,-1590.9115079263347,209,76483.46107142857,STOP,6,-101.77107142856403,-1.0
2026-05-13,SWING_H:74920.62@98,-1,312,74869.53,74964.02160714286,74774.63839285714,74670.15999999999,SWING_L@68,2.1010288054229047,12,BEAR_TREND,20,1,94.49160714285972,rejection,True,SWING_H,"[{'minute': 329, 'price': 74774.63839285714, 'qty': 10, 'reason': 'TP1', 'net': 577.85}, {'minute': 333, 'price': 74827.69428571429, 'qty': 10, 'reason': 'TRAIL_STOP', 'net': 192.12}]",890.8522430820108,120.87439361991056,769.9778494621003,333,74827.69428571429,TRAIL_STOP,21,41.83571428571304,0.44274529294927295
2026-05-18,OR_LOW:74341.27@20,1,79,74387.14,74288.88267857142,74484.25732142858,74809.11,OR_HIGH,4.3449509705672185,9,TRANSITION,20,1,98.25732142858033,rejection,True,OR_LOW,"[{'minute': 79, 'price': 74484.25732142858, 'qty': 10, 'reason': 'TP1', 'net': 616.22}, {'minute': 89, 'price': 74498.37107142857, 'qty': 10, 'reason': 'TRAIL_STOP', 'net': 704.47}]",1442.459699313348,121.77068013942493,1320.689019173923,89,74498.37107142857,TRAIL_STOP,10,111.23107142857043,1.1320385067632874
2026-05-20,OR_HIGH:74834.81@16,-1,62,74782.21,74862.49428571429,74685.50571428571,74545.83000000002,OR_LOW,2.444359091781676,11,TRANSITION,20,1,80.2842857142823,rejection,True,OR_HIGH,"[{'minute': 75, 'price': 74862.49428571429, 'qty': 20, 'reason': 'STOP', 'net': -1299.2}]",-1229.617418195993,69.58654486339877,-1299.2039630593918,75,74862.49428571429,STOP,13,-80.2842857142823,-1.0
2026-05-22,SWING_H:75653.15@31,-1,118,75592.25,75689.5075,75494.11249999999,75231.63,OR_LOW,3.6746401732258573,10,TRANSITION,20,1,97.25750000000698,rejection+micro_bos,True,SWING_H,"[{'minute': 149, 'price': 75689.5075, 'qty': 20, 'reason': 'STOP', 'net': -1591.19}]",-1521.892200067599,69.2950644547134,-1591.1872645223125,149,75689.5075,STOP,31,-97.25750000000698,-1.0
2026-05-25,SWING_L:76301.55@47,1,158,76361.67,76283.60803571428,76436.87196428572,76512.07392857144,2.0R (no structural target),2.0,9,RANGE,20,1,78.06196428572002,rejection,True,SWING_L,"[{'minute': 174, 'price': 76283.60803571428, 'qty': 20, 'reason': 'STOP', 'net': -1277.44}]",-1207.283646472539,70.15182964442033,-1277.4354761169593,174,76283.60803571428,STOP,16,-78.06196428572002,-1.0
2026-05-25,SWING_H:76290.6@89,-1,282,76284.08,76318.65517857144,76249.78482142856,76179.95,SWING_L@71,3.036286858314324,11,RANGE,20,1,34.5751785714383,rejection+micro_bos,True,SWING_H,"[{'minute': 289, 'price': 76318.65517857144, 'qty': 20, 'reason': 'STOP', 'net': -629.63}]",-558.2581114866548,71.36851218580094,-629.6266236724557,289,76318.65517857144,STOP,7,-34.5751785714383,-1.0
2026-05-26,PDH:76559.07@38,-1,128,76508.81,76570.29303571429,76447.4369642857,76260.0,OR_LOW,4.054060502372319,9,TRANSITION,20,1,61.48303571429278,rejection,True,PDH,"[{'minute': 135, 'price': 76447.4369642857, 'qty': 10, 'reason': 'TP1', 'net': 349.59}, {'minute': 139, 'price': 76452.74642857142, 'qty': 10, 'reason': 'TRAIL_STOP', 'net': 306.17}]",776.9554760860831,121.19869892324091,655.7567771628421,139,76452.74642857142,TRAIL_STOP,11,56.063571428574505,0.9118543152146531
2026-05-27,OR_HIGH:76137.53@47,-1,150,76101.35,76158.72875,76043.97125000002,75966.39,SWING_L@30,2.352090277324487,8,BULL_TREND,20,1,57.37874999998894,rejection,True,OR_HIGH,"[{'minute': 159, 'price': 76043.97125000002, 'qty': 10, 'reason': 'TP1', 'net': 318.52}, {'minute': 161, 'price': 76098.46196428571, 'qty': 10, 'reason': 'TRAIL_STOP', 'net': -74.94}]",363.8540578735342,120.27314815688044,243.58090971665376,161,76098.46196428571,TRAIL_STOP,11,2.888035714291618,0.050332844725480684
2026-06-01,OR_LOW:74931.05@32,1,106,74913.53,74845.51178571428,74982.15821428572,75367.31999999999,OR_HIGH,6.612295026513518,9,TRANSITION,20,1,68.01821428572293,rejection,True,OR_LOW,"[{'minute': 114, 'price': 74982.15821428572, 'qty': 10, 'reason': 'TP1', 'net': 401.22}, {'minute': 127, 'price': 74944.21357142857, 'qty': 10, 'reason': 'TRAIL_STOP', 'net': 112.11}]",633.7206113865761,120.396753945747,513.3238574408292,127,74944.21357142857,TRAIL_STOP,21,30.68357142856985,0.4511081590539543
2026-06-08,SWING_H:73774.97@81,-1,259,73700.11,73802.69285714286,73596.29714285715,73320.17,OR_LOW,3.659854958785884,8,BULL_TREND,20,1,102.58285714285739,micro_bos,True,SWING_H,"[{'minute': 271, 'price': 73596.29714285715, 'qty': 10, 'reason': 'TP1', 'net': 649.13}, {'minute': 273, 'price': 73628.32714285715, 'qty': 10, 'reason': 'TRAIL_STOP', 'net': 416.84}]",1187.022020021484,121.0544357986262,1065.9675842228578,273,73628.32714285715,TRAIL_STOP,14,71.78285714285448,0.6997549019607566
2026-06-10,SWING_H:74453.33@62,-1,221,74424.96,74488.76732142858,74359.52267857143,74292.83,SWING_L@70,2.0191841156614,11,RANGE,20,1,63.807321428568684,rejection,True,SWING_H,"[{'minute': 226, 'price': 74488.76732142858, 'qty': 20, 'reason': 'STOP', 'net': -1041.63}]",-971.6640745782479,69.96212471253418,-1041.626199290782,226,74488.76732142858,STOP,5,-63.807321428568684,-1.0
2026-06-12,SWING_L:74519.98@31,1,110,74579.52,74496.35053571429,74659.71946428572,74862.13,OR_HIGH,3.523838999636949,9,TRANSITION,20,1,83.16946428571828,rejection,True,SWING_L,"[{'minute': 146, 'price': 74659.71946428572, 'qty': 10, 'reason': 'TP1', 'net': 448.0}, {'minute': 173, 'price': 74657.05392857142, 'qty': 10, 'reason': 'TRAIL_STOP', 'net': 393.78}]",962.693936151004,120.91596732880994,841.777968822194,173,74657.05392857142,TRAIL_STOP,63,77.53392857141444,0.9322403268711259
2026-06-15,SWING_L:76417.85@76,1,243,76485.19,76401.01428571428,76569.36571428573,76662.62,SWING_H@53,2.1078526212171926,9,TRANSITION,20,1,84.1757142857241,rejection,True,SWING_L,"[{'minute': 266, 'price': 76401.01428571428, 'qty': 20, 'reason': 'STOP', 'net': -1383.97}]",-1313.985168337099,69.98844793840124,-1383.9736162755003,266,76401.01428571428,STOP,23,-84.1757142857241,-1.0
2026-06-17,OR_HIGH:77093.17@54,-1,169,77041.9,77123.73875,76963.71125,76764.84,OR_LOW,3.5434765231570213,10,BULL_TREND,20,1,81.8387500000099,micro_bos,True,OR_HIGH,"[{'minute': 225, 'price': 76963.71125, 'qty': 10, 'reason': 'TP1', 'net': 404.08}, {'minute': 242, 'price': 76968.35464285714, 'qty': 10, 'reason': 'TRAIL_STOP', 'net': 347.95}]",873.5828912141835,121.56002374834387,752.0228674658397,242,76968.35464285714,TRAIL_STOP,73,73.54535714285157,0.8986617848249476
2026-06-19,SESSION_LOW:76577.67@34,1,125,76643.03,76562.9675,76722.3725,76819.08,SWING_H@19,2.2188612660302547,9,TRANSITION,20,1,80.0625,rejection,True,SESSION_LOW,"[{'minute': 182, 'price': 76651.61, 'qty': 20, 'reason': 'TIME_EXIT', 'net': -144.63}]",-72.21223996027447,72.41764316656948,-144.62988312684394,182,76651.61,TIME_EXIT,57,8.580000000001746,0.10716627634662602
2026-06-22,OR_HIGH:77249.27@50,-1,167,77205.51,77269.47750000001,77141.21249999998,77008.35,OR_LOW,3.0663711652854704,11,RANGE,20,1,63.96750000001339,rejection,True,OR_HIGH,"[{'minute': 197, 'price': 77141.21249999998, 'qty': 10, 'reason': 'TP1', 'net': 339.21}, {'minute': 216, 'price': 77182.31714285715, 'qty': 10, 'reason': 'TRAIL_STOP', 'net': 18.84}]",478.9124803458742,120.85868075877028,358.0537995871039,216,77182.31714285715,TRAIL_STOP,49,23.192857142843422,0.3625725117104556
2026-06-29,SWING_H:76743.4@89,-1,275,76668.32,76760.44678571429,76575.70321428572,76483.08642857143,2.0R (no structural target),2.0,9,TRANSITION,20,1,92.12678571428114,rejection,True,SWING_H,"[{'minute': 293, 'price': 76760.44678571429, 'qty': 20, 'reason': 'STOP', 'net': -1484.97}]",-1415.1111615738785,69.85545961822997,-1484.9666211921085,293,76760.44678571429,STOP,18,-92.12678571428114,-1.0
2026-07-17,SESSION_HIGH:78013.49@61,-1,216,78001.58,78030.24321428571,77981.98678571428,77935.54000000001,SWING_L@68,3.3705546745397994,8,BULL_TREND,20,1,28.663214285712456,rejection,True,SESSION_HIGH,"[{'minute': 217, 'price': 77981.98678571428, 'qty': 10, 'reason': 'TP1', 'net': 57.26}, {'minute': 222, 'price': 77999.60546428572, 'qty': 10, 'reason': 'TRAIL_STOP', 'net': -75.9}]",101.76025643711228,120.40010794263725,-18.63985150552498,222,77999.60546428572,TRAIL_STOP,6,1.9745357142819557,0.06888744906973633
2026-07-22,SWING_L:76851.19@33,1,109,76856.58,76830.94392857143,76881.91607142857,76922.25,SWING_H@9,2.5919566964101426,10,TRANSITION,20,1,25.636071428569267,rejection,True,SWING_L,"[{'minute': 112, 'price': 76830.94392857143, 'qty': 20, 'reason': 'STOP', 'net': -491.34}]",-419.51459553245513,71.82349284827815,-491.33808838073327,112,76830.94392857143,STOP,3,-25.636071428569267,-1.0
2026-07-27,SWING_L:76692.02@69,1,232,76754.71,76664.97071428571,76844.4592857143,76934.2085714286,2.0R (no structural target),2.0,9,RANGE,20,1,89.7392857142986,rejection+micro_bos,True,SWING_L,"[{'minute': 259, 'price': 76664.97071428571, 'qty': 20, 'reason': 'STOP', 'net': -1474.94}]",-1405.031995005428,69.90333342498967,-1474.9353284304175,259,76664.97071428571,STOP,27,-89.7392857142986,-1.0
2026-07-28,PDH:76901.51@71,-1,224,76875.94,76933.74232142857,76818.13767857144,76738.49,OR_LOW,2.3779321764761123,11,RANGE,20,1,57.80232142856403,rejection+micro_bos,True,PDH,"[{'minute': 237, 'price': 76818.13767857144, 'qty': 10, 'reason': 'TP1', 'net': 315.73}, {'minute': 247, 'price': 76797.21285714285, 'qty': 10, 'reason': 'TRAIL_STOP', 'net': 452.4}]",889.6606136558603,121.53589473334412,768.1247189225162,247,76797.21285714285,TRAIL_STOP,23,78.72714285715483,1.3620065926668896
2026-07-29,SESSION_HIGH:77646.09@58,-1,206,77579.57,77660.49267857143,77498.64732142858,77333.24,OR_LOW,3.0440168856073644,9,RANGE,20,1,80.92267857142724,rejection,True,SESSION_HIGH,"[{'minute': 233, 'price': 77653.41, 'qty': 20, 'reason': 'STRUCTURE_INVALIDATED', 'net': -1248.39}]",-1177.7800354626515,70.61122362576356,-1248.3912590884152,233,77653.41,STRUCTURE_INVALIDATED,27,-73.83999999999651,-0.9124759746406672
2026-08-04,SWING_H:78689.93@44,-1,139,78640.12,78703.13857142857,78576.88142857142,78497.56,PDL,2.2543203740933184,11,TRANSITION,20,1,63.01857142857625,rejection+micro_bos,True,SWING_H,"[{'minute': 145, 'price': 78576.88142857142, 'qty': 10, 'reason': 'TP1', 'net': 363.13}, {'minute': 168, 'price': 78479.7632142857, 'qty': 10, 'reason': 'TRAIL_STOP', 'net': 1028.11}]",1514.5575917328006,123.31570500714398,1391.2418867256565,168,78479.7632142857,TRAIL_STOP,29,160.35678571429162,2.5445956974133597
2026-08-05,SWING_L:78715.65@31,1,118,78789.1,78688.34339285715,78892.79660714285,79052.44000000002,OR_HIGH,2.539523782463277,8,TRANSITION,20,1,100.75660714285914,rejection,True,SWING_L,"[{'minute': 134, 'price': 78740.67, 'qty': 20, 'reason': 'STRUCTURE_INVALIDATED', 'net': -855.92}]",-784.1527642081087,71.7648467817734,-855.9176109898821,134,78740.67,STRUCTURE_INVALIDATED,16,-48.43000000000757,-0.48066326738593357
2026-08-10,PDL:78377.07@11,1,53,78433.44,78346.05767857144,78520.59232142857,78677.20999999999,OR_HIGH,2.7970568770194344,9,TRANSITION,20,1,87.38232142856577,rejection,True,PDL,"[{'minute': 64, 'price': 78520.59232142857, 'qty': 10, 'reason': 'TP1', 'net': 527.91}, {'minute': 98, 'price': 78593.33678571429, 'qty': 10, 'reason': 'TRAIL_STOP', 'net': 1003.14}]",1654.5622962280981,123.51532311488626,1531.0469731132118,98,78593.33678571429,TRAIL_STOP,45,159.89678571428522,1.8298528020338682
2026-08-10,SWING_L:78605.63@89,1,275,78595.8,78563.36160714286,78627.55839285714,78661.92000000001,SWING_H@65,2.0819693331913696,9,RANGE,20,1,32.438392857147846,rejection,True,SWING_L,"[{'minute': 282, 'price': 78563.36160714286, 'qty': 20, 'reason': 'STOP', 'net': -601.6}]",-529.4097384866427,72.18852120455227,-601.5982596911949,282,78563.36160714286,STOP,7,-32.438392857147846,-1.0
2026-08-21,SWING_H:77666.79@37,-1,143,77621.2,77678.6882142857,77563.71178571429,77448.4,OR_LOW,3.0058334938220135,8,TRANSITION,20,1,57.488214285709546,rejection,True,SWING_H,"[{'minute': 177, 'price': 77563.71178571429, 'qty': 10, 'reason': 'TP1', 'net': 284.56}, {'minute': 185, 'price': 77576.70178571428, 'qty': 10, 'reason': 'TRAIL_STOP', 'net': 180.57}]",586.3360855348549,121.20183190599408,465.1342536288608,185,77576.70178571428,TRAIL_STOP,42,44.49821428571886,0.7740406418708373
2026-08-28,SWING_L:77029.25@60,1,202,77077.63,77009.39392857143,77150.38607142857,77247.53000000001,OR_HIGH,2.335200302380602,10,BEAR_TREND,20,1,68.23607142857509,micro_bos,True,SWING_L,"[{'minute': 224, 'price': 77057.14, 'qty': 20, 'reason': 'STRUCTURE_INVALIDATED', 'net': -468.8}]",-396.8604363498753,71.93998712195611,-468.8004234718314,224,77057.14,STRUCTURE_INVALIDATED,22,-20.49000000000524,-0.30028106206924277
2026-09-07,SWING_L:76021.56@86,1,278,76077.55,76012.36178571428,76141.84821428572,76478.08,OR_HIGH,6.2292554225559815,9,TRANSITION,20,1,65.18821428572119,micro_bos,True,SWING_L,"[{'minute': 326, 'price': 76044.22, 'qty': 20, 'reason': 'STRUCTURE_INVALIDATED', 'net': -720.28}]",-649.1501874320261,71.12620191897041,-720.2763893509965,326,76044.22,STRUCTURE_INVALIDATED,48,-33.330000000001746,-0.511288740843793
2026-09-11,SWING_H:74556.94@55,-1,186,74477.19,74574.23821428572,74378.10178571427,74162.20000000001,OR_LOW,3.1788846157998996,10,RANGE,20,1,97.04821428572177,rejection,True,SWING_H,"[{'minute': 245, 'price': 74474.44, 'qty': 20, 'reason': 'TIME_EXIT', 'net': -227.22}]",-155.67423295529807,71.54135543716399,-227.21558839246205,245,74474.44,TIME_EXIT,59,2.75,0.028336430713744663
